wandb: WARNING `start_method` is deprecated and will be removed in a future version of wandb. This setting is currently non-functional and safely ignored.
wandb: [wandb.login()] Loaded credentials for https://api.wandb.ai from /home/erik/.netrc.
wandb: Currently logged in as: erikhelmut (erikhelmut-tu-darmstadt) to https://api.wandb.ai. Use `wandb login --relogin` to force relogin
wandb: setting up run omozavv5
wandb: Tracking run with wandb version 0.28.2
wandb: Run data is saved locally in /home/erik/sendg1/wandb/run-20260908_182240-omozavv5
wandb: Run `wandb offline` to turn off syncing.
wandb: Syncing run 2026-09-08_18-22-37_seed0
wandb: ⭐️ View project at https://wandb.ai/erikhelmut-tu-darmstadt/sendg1
wandb: 🚀 View run at https://wandb.ai/erikhelmut-tu-darmstadt/sendg1/runs/omozavv5
[INFO] Training with: device=cuda:0, seed=0, rank=0
[INFO] Logging experiment in directory: /home/erik/sendg1/runs/velocity_flat__blind/2026-09-08_18-22-37_seed0
Setting seed: 0

+---------------------------------+
|         Base Environment        |
+------------------------+--------+
| Property               | Value  |
+------------------------+--------+
| Number of environments | 8192   |
| Environment device     | cuda:0 |
| Environment seed       | 0      |
| Physics step-size      | 0.005  |
| Environment step-size  | 0.02   |
+------------------------+--------+

[INFO] <EventManager> contains 3 active terms.
+-------------------------------------+
| Active Event Terms in Mode: 'reset' |
+--------+----------------------------+
| Index  | Name                       |
+--------+----------------------------+
|   0    | reset_base                 |
|   1    | reset_robot_joints         |
+--------+----------------------------+
+----------------------------------------------+
|    Active Event Terms in Mode: 'interval'    |
+-------+------------+-------------------------+
| Index | Name       | Interval time range (s) |
+-------+------------+-------------------------+
|   0   | push_robot |        (1.0, 3.0)       |
+-------+------------+-------------------------+
+---------------------------------------+
| Active Event Terms in Mode: 'startup' |
+-----------+---------------------------+
|   Index   | Name                      |
+-----------+---------------------------+
|     0     | foot_friction             |
|     1     | encoder_bias              |
|     2     | base_com                  |
+-----------+---------------------------+
+-----------------------------+
| Domain Randomization Fields |
+-------+---------------------+
| Index | Field Name          |
+-------+---------------------+
|   0   | geom_friction       |
|   1   | body_ipos           |
|   2   | body_subtreemass    |
|   3   | dof_invweight0      |
|   4   | body_invweight0     |
|   5   | tendon_length0      |
|   6   | tendon_invweight0   |
|   7   | actuator_acc0       |
+-------+---------------------+

[INFO] <CommandManager> contains 1 active terms.
+----------------------------------------+
|          Active Command Terms          |
+-------+-------+------------------------+
| Index | Name  |          Type          |
+-------+-------+------------------------+
|   0   | twist | UniformVelocityCommand |
+-------+-------+------------------------+

[INFO] <ActionManager> contains 1 active terms.
+---------------------------------+
| Active Action Terms (shape: 29) |
+-------+-----------+-------------+
| Index | Name      |   Dimension |
+-------+-----------+-------------+
|   0   | joint_pos |          29 |
+-------+-----------+-------------+

[INFO] <ObservationManager> contains 2 groups.
+----------------------------------------------------------------+
| Active Observation Terms in Group: 'privileged' (shape: (44,)) |
+----------+------------------------------------------+----------+
|  Index   | Name                                     |  Shape   |
+----------+------------------------------------------+----------+
|    0     | base_lin_vel                             |   (3,)   |
|    1     | joint_pos_true                           |  (29,)   |
|    2     | foot_height                              |   (2,)   |
|    3     | foot_air_time                            |   (2,)   |
|    4     | foot_contact_ideal                       |   (2,)   |
|    5     | foot_contact_forces_ideal                |   (6,)   |
+----------+------------------------------------------+----------+
+-------------------------------------------------------------+
| Active Observation Terms in Group: 'proprio' (shape: (96,)) |
+-----------+-----------------------------------+-------------+
|   Index   | Name                              |    Shape    |
+-----------+-----------------------------------+-------------+
|     0     | base_ang_vel                      |     (3,)    |
|     1     | projected_gravity                 |     (3,)    |
|     2     | joint_pos                         |    (29,)    |
|     3     | joint_vel                         |    (29,)    |
|     4     | actions                           |    (29,)    |
|     5     | command                           |     (3,)    |
+-----------+-----------------------------------+-------------+

[INFO] <TerminationManager> contains 2 active terms.
+------------------------------+
|   Active Termination Terms   |
+-------+-----------+----------+
| Index | Name      | Time Out |
+-------+-----------+----------+
|   0   | time_out  |   True   |
|   1   | fell_over |  False   |
+-------+-----------+----------+

[INFO] <RewardManager> contains 14 active terms.
+-----------------------------------------+
|           Active Reward Terms           |
+-------+------------------------+--------+
| Index | Name                   | Weight |
+-------+------------------------+--------+
|   0   | track_linear_velocity  |    2.0 |
|   1   | track_angular_velocity |    2.0 |
|   2   | upright                |    1.0 |
|   3   | pose                   |    1.0 |
|   4   | body_ang_vel           |  -0.05 |
|   5   | angular_momentum       |  -0.02 |
|   6   | dof_pos_limits         |   -1.0 |
|   7   | action_rate_l2         |   -0.1 |
|   8   | air_time               |    0.0 |
|   9   | foot_clearance         |   -2.0 |
|   10  | foot_swing_height      |  -0.25 |
|   11  | foot_slip              |   -0.1 |
|   12  | soft_landing           | -1e-05 |
|   13  | self_collisions        |   -1.0 |
+-------+------------------------+--------+

[INFO] <CurriculumManager> contains 1 active terms.
+-------------------------+
| Active Curriculum Terms |
+--------+----------------+
| Index  | Name           |
+--------+----------------+
|   0    | command_vel    |
+--------+----------------+

[INFO] <MetricsManager> contains 1 active terms.
+-------------------------+
|   Active Metrics Terms  |
+-------+-----------------+
| Index | Name            |
+-------+-----------------+
|   0   | mean_action_acc |
+-------+-----------------+

[INFO] <NullRecorderManager> (inactive)
--------------------------------------------------------------------------------
Resolved observation sets: 
	 actor :  ('proprio',)
	 critic :  ('proprio', 'privileged')
--------------------------------------------------------------------------------
Actor Model: MLPModel(
  (obs_normalizer): EmpiricalNormalization()
  (distribution): GaussianDistribution()
  (mlp): MLP(
    (0): Linear(in_features=96, out_features=512, bias=True)
    (1): ELU(alpha=1.0)
    (2): Linear(in_features=512, out_features=256, bias=True)
    (3): ELU(alpha=1.0)
    (4): Linear(in_features=256, out_features=128, bias=True)
    (5): ELU(alpha=1.0)
    (6): Linear(in_features=128, out_features=29, bias=True)
  )
)
Critic Model: MLPModel(
  (obs_normalizer): EmpiricalNormalization()
  (mlp): MLP(
    (0): Linear(in_features=140, out_features=512, bias=True)
    (1): ELU(alpha=1.0)
    (2): Linear(in_features=512, out_features=256, bias=True)
    (3): ELU(alpha=1.0)
    (4): Linear(in_features=256, out_features=128, bias=True)
    (5): ELU(alpha=1.0)
    (6): Linear(in_features=128, out_features=1, bias=True)
  )
)
Could not find git repository in /home/erik/miniconda3/envs/sendg1/lib/python3.11/site-packages/rsl_rl/__init__.py. Skipping.
Could not find git repository in /home/erik/miniconda3/envs/sendg1/lib/python3.11/site-packages/mjlab/scripts/train.py. Skipping.
################################################################################
[1m                           Learning iteration 0/30000                           [0m 

                               Run name: seed0
                            Total steps: 196608 
                       Steps per second: 94557 
                        Collection time: 1.823s 
                          Learning time: 0.257s 
                        Mean value loss: 0.7512
                    Mean surrogate loss: -0.0020
                      Mean entropy loss: 41.0629
                            Mean reward: -1.88
                    Mean episode length: 17.92
                        Mean action std: 1.00
   Curriculum/command_vel/ang_vel_z_max: 0.5000
        Episode_Reward/angular_momentum: -0.0006
               Metrics/peak_height_mean: 0.0093
       Episode_Reward/foot_swing_height: -0.0011
          Episode_Reward/action_rate_l2: -0.0704
        Episode_Metrics/mean_action_acc: 1.7749
   Curriculum/command_vel/lin_vel_x_min: -1.0000
  Episode_Reward/track_angular_velocity: 0.0003
             Metrics/twist/error_vel_xy: 0.0241
                Episode_Reward/air_time: 0.0000
          Metrics/angular_momentum_mean: 1.5012
                    Episode_Reward/pose: 0.0051
            Episode_Reward/body_ang_vel: -0.0031
          Episode_Termination/fell_over: 0.0000
             Metrics/slip_velocity_mean: 0.4355
          Episode_Reward/dof_pos_limits: -0.0002
               Episode_Reward/foot_slip: -0.0004
   Episode_Reward/track_linear_velocity: 0.0042
   Curriculum/command_vel/ang_vel_z_min: -0.5000
                 Episode_Reward/upright: 0.0101
            Metrics/twist/error_vel_yaw: 0.0652
            Episode_Reward/soft_landing: -0.0000
   Curriculum/command_vel/lin_vel_y_max: 1.0000
          Episode_Reward/foot_clearance: -0.0021
   Curriculum/command_vel/lin_vel_x_max: 1.0000
         Episode_Reward/self_collisions: -0.0047
           Episode_Termination/time_out: 8.1667
   Curriculum/command_vel/lin_vel_y_min: -1.0000
             Metrics/landing_force_mean: 295.4866
--------------------------------------------------------------------------------
                         Iteration time: 2.08s
                           Time elapsed: 0:00:02
                                    ETA: 17:19:35

################################################################################
[1m                           Learning iteration 1/30000                           [0m 

                               Run name: seed0
                            Total steps: 393216 
                       Steps per second: 171551 
                        Collection time: 0.949s 
                          Learning time: 0.197s 
                        Mean value loss: 1.0624
                    Mean surrogate loss: -0.0079
                      Mean entropy loss: 40.9228
                            Mean reward: -6.33
                    Mean episode length: 47.99
                        Mean action std: 0.99
   Curriculum/command_vel/ang_vel_z_max: 0.5000
        Episode_Reward/angular_momentum: -0.0165
               Metrics/peak_height_mean: 0.0103
       Episode_Reward/foot_swing_height: -0.0033
          Episode_Reward/action_rate_l2: -0.2089
        Episode_Metrics/mean_action_acc: 1.9161
   Curriculum/command_vel/lin_vel_x_min: -1.0000
  Episode_Reward/track_angular_velocity: 0.0006
             Metrics/twist/error_vel_xy: 0.0827
                Episode_Reward/air_time: 0.0000
          Metrics/angular_momentum_mean: 3.7867
                    Episode_Reward/pose: 0.0098
            Episode_Reward/body_ang_vel: -0.0160
          Episode_Termination/fell_over: 34.8750
             Metrics/slip_velocity_mean: 0.4573
          Episode_Reward/dof_pos_limits: -0.0011
               Episode_Reward/foot_slip: -0.0016
   Episode_Reward/track_linear_velocity: 0.0127
   Curriculum/command_vel/ang_vel_z_min: -0.5000
                 Episode_Reward/upright: 0.0208
            Metrics/twist/error_vel_yaw: 0.2166
            Episode_Reward/soft_landing: -0.0000
   Curriculum/command_vel/lin_vel_y_max: 1.0000
          Episode_Reward/foot_clearance: -0.0067
   Curriculum/command_vel/lin_vel_x_max: 1.0000
         Episode_Reward/self_collisions: -0.0162
           Episode_Termination/time_out: 7.4167
   Curriculum/command_vel/lin_vel_y_min: -1.0000
             Metrics/landing_force_mean: 250.6826
--------------------------------------------------------------------------------
                         Iteration time: 1.15s
                           Time elapsed: 0:00:03
                                    ETA: 13:26:16

################################################################################
[1m                           Learning iteration 2/30000                           [0m 

                               Run name: seed0
                            Total steps: 589824 
                       Steps per second: 174893 
                        Collection time: 0.927s 
                          Learning time: 0.197s 
                        Mean value loss: 0.5715
                    Mean surrogate loss: -0.0075
                      Mean entropy loss: 40.8051
                            Mean reward: -8.90
                    Mean episode length: 70.92
                        Mean action std: 0.99
   Curriculum/command_vel/ang_vel_z_max: 0.5000
        Episode_Reward/angular_momentum: -0.0293
               Metrics/peak_height_mean: 0.0243
       Episode_Reward/foot_swing_height: -0.0054
          Episode_Reward/action_rate_l2: -0.3438
        Episode_Metrics/mean_action_acc: 1.9218
   Curriculum/command_vel/lin_vel_x_min: -1.0000
  Episode_Reward/track_angular_velocity: 0.0009
             Metrics/twist/error_vel_xy: 0.1514
                Episode_Reward/air_time: 0.0000
          Metrics/angular_momentum_mean: 4.3165
                    Episode_Reward/pose: 0.0146
            Episode_Reward/body_ang_vel: -0.0277
          Episode_Termination/fell_over: 246.2083
             Metrics/slip_velocity_mean: 0.4607
          Episode_Reward/dof_pos_limits: -0.0020
               Episode_Reward/foot_slip: -0.0022
   Episode_Reward/track_linear_velocity: 0.0188
   Curriculum/command_vel/ang_vel_z_min: -0.5000
                 Episode_Reward/upright: 0.0281
            Metrics/twist/error_vel_yaw: 0.3660
            Episode_Reward/soft_landing: -0.0001
   Curriculum/command_vel/lin_vel_y_max: 1.0000
          Episode_Reward/foot_clearance: -0.0100
   Curriculum/command_vel/lin_vel_x_max: 1.0000
         Episode_Reward/self_collisions: -0.0264
           Episode_Termination/time_out: 3.8333
   Curriculum/command_vel/lin_vel_y_min: -1.0000
             Metrics/landing_force_mean: 269.2112
--------------------------------------------------------------------------------
                         Iteration time: 1.12s
                           Time elapsed: 0:00:04
                                    ETA: 12:04:50

################################################################################
[1m                           Learning iteration 3/30000                           [0m 

                               Run name: seed0
                            Total steps: 786432 
                       Steps per second: 167824 
                        Collection time: 0.975s 
                          Learning time: 0.196s 
                        Mean value loss: 0.6396
                    Mean surrogate loss: -0.0087
                      Mean entropy loss: 40.6642
                            Mean reward: -7.25
                    Mean episode length: 57.75
                        Mean action std: 0.98
   Curriculum/command_vel/ang_vel_z_max: 0.5000
        Episode_Reward/angular_momentum: -0.0294
               Metrics/peak_height_mean: 0.0112
       Episode_Reward/foot_swing_height: -0.0062
          Episode_Reward/action_rate_l2: -0.3893
        Episode_Metrics/mean_action_acc: 1.9103
   Curriculum/command_vel/lin_vel_x_min: -1.0000
  Episode_Reward/track_angular_velocity: 0.0011
             Metrics/twist/error_vel_xy: 0.1653
                Episode_Reward/air_time: 0.0000
          Metrics/angular_momentum_mean: 2.9324
                    Episode_Reward/pose: 0.0161
            Episode_Reward/body_ang_vel: -0.0304
          Episode_Termination/fell_over: 64.3750
             Metrics/slip_velocity_mean: 0.4269
          Episode_Reward/dof_pos_limits: -0.0023
               Episode_Reward/foot_slip: -0.0025
   Episode_Reward/track_linear_velocity: 0.0229
   Curriculum/command_vel/ang_vel_z_min: -0.5000
                 Episode_Reward/upright: 0.0308
            Metrics/twist/error_vel_yaw: 0.4160
            Episode_Reward/soft_landing: -0.0001
   Curriculum/command_vel/lin_vel_y_max: 1.0000
          Episode_Reward/foot_clearance: -0.0115
   Curriculum/command_vel/lin_vel_x_max: 1.0000
         Episode_Reward/self_collisions: -0.0295
           Episode_Termination/time_out: 0.4583
   Curriculum/command_vel/lin_vel_y_min: -1.0000
             Metrics/landing_force_mean: 263.0318
--------------------------------------------------------------------------------
                         Iteration time: 1.17s
                           Time elapsed: 0:00:05
                                    ETA: 11:30:01

################################################################################
[1m                           Learning iteration 4/30000                           [0m 

                               Run name: seed0
                            Total steps: 983040 
                       Steps per second: 174005 
                        Collection time: 0.933s 
                          Learning time: 0.197s 
                        Mean value loss: 0.4684
                    Mean surrogate loss: -0.0091
                      Mean entropy loss: 40.5333
                            Mean reward: -7.21
                    Mean episode length: 59.05
                        Mean action std: 0.98
   Curriculum/command_vel/ang_vel_z_max: 0.5000
        Episode_Reward/angular_momentum: -0.0294
               Metrics/peak_height_mean: 0.0174
       Episode_Reward/foot_swing_height: -0.0049
          Episode_Reward/action_rate_l2: -0.3092
        Episode_Metrics/mean_action_acc: 1.8899
   Curriculum/command_vel/lin_vel_x_min: -1.0000
  Episode_Reward/track_angular_velocity: 0.0008
             Metrics/twist/error_vel_xy: 0.1381
                Episode_Reward/air_time: 0.0000
          Metrics/angular_momentum_mean: 4.2971
                    Episode_Reward/pose: 0.0135
            Episode_Reward/body_ang_vel: -0.0258
          Episode_Termination/fell_over: 155.5417
             Metrics/slip_velocity_mean: 0.4550
          Episode_Reward/dof_pos_limits: -0.0019
               Episode_Reward/foot_slip: -0.0021
   Episode_Reward/track_linear_velocity: 0.0177
   Curriculum/command_vel/ang_vel_z_min: -0.5000
                 Episode_Reward/upright: 0.0268
            Metrics/twist/error_vel_yaw: 0.3328
            Episode_Reward/soft_landing: -0.0001
   Curriculum/command_vel/lin_vel_y_max: 1.0000
          Episode_Reward/foot_clearance: -0.0094
   Curriculum/command_vel/lin_vel_x_max: 1.0000
         Episode_Reward/self_collisions: -0.0223
           Episode_Termination/time_out: 0.0000
   Curriculum/command_vel/lin_vel_y_min: -1.0000
             Metrics/landing_force_mean: 255.3771
--------------------------------------------------------------------------------
                         Iteration time: 1.13s
                           Time elapsed: 0:00:06
                                    ETA: 11:04:58

################################################################################
[1m                           Learning iteration 5/30000                           [0m 

                               Run name: seed0
                            Total steps: 1179648 
                       Steps per second: 170016 
                        Collection time: 0.959s 
                          Learning time: 0.198s 
                        Mean value loss: 0.3701
                    Mean surrogate loss: -0.0087
                      Mean entropy loss: 40.3970
                            Mean reward: -7.61
                    Mean episode length: 64.27
                        Mean action std: 0.97
   Curriculum/command_vel/ang_vel_z_max: 0.5000
        Episode_Reward/angular_momentum: -0.0286
               Metrics/peak_height_mean: 0.0164
       Episode_Reward/foot_swing_height: -0.0056
          Episode_Reward/action_rate_l2: -0.3550
        Episode_Metrics/mean_action_acc: 1.8820
   Curriculum/command_vel/lin_vel_x_min: -1.0000
  Episode_Reward/track_angular_velocity: 0.0010
             Metrics/twist/error_vel_xy: 0.1565
                Episode_Reward/air_time: 0.0000
          Metrics/angular_momentum_mean: 3.3961
                    Episode_Reward/pose: 0.0157
            Episode_Reward/body_ang_vel: -0.0277
          Episode_Termination/fell_over: 146.8750
             Metrics/slip_velocity_mean: 0.4300
          Episode_Reward/dof_pos_limits: -0.0021
               Episode_Reward/foot_slip: -0.0022
   Episode_Reward/track_linear_velocity: 0.0216
   Curriculum/command_vel/ang_vel_z_min: -0.5000
                 Episode_Reward/upright: 0.0300
            Metrics/twist/error_vel_yaw: 0.3881
            Episode_Reward/soft_landing: -0.0001
   Curriculum/command_vel/lin_vel_y_max: 1.0000
          Episode_Reward/foot_clearance: -0.0103
   Curriculum/command_vel/lin_vel_x_max: 1.0000
         Episode_Reward/self_collisions: -0.0247
           Episode_Termination/time_out: 0.0000
   Curriculum/command_vel/lin_vel_y_min: -1.0000
             Metrics/landing_force_mean: 264.1965
--------------------------------------------------------------------------------
                         Iteration time: 1.16s
                           Time elapsed: 0:00:07
                                    ETA: 10:50:28

################################################################################
[1m                           Learning iteration 6/30000                           [0m 

                               Run name: seed0
                            Total steps: 1376256 
                       Steps per second: 170418 
                        Collection time: 0.956s 
                          Learning time: 0.198s 
                        Mean value loss: 0.3238
                    Mean surrogate loss: -0.0080
                      Mean entropy loss: 40.2665
                            Mean reward: -6.92
                    Mean episode length: 58.93
                        Mean action std: 0.97
   Curriculum/command_vel/ang_vel_z_max: 0.5000
        Episode_Reward/angular_momentum: -0.0289
               Metrics/peak_height_mean: 0.0136
       Episode_Reward/foot_swing_height: -0.0054
          Episode_Reward/action_rate_l2: -0.3254
        Episode_Metrics/mean_action_acc: 1.8637
   Curriculum/command_vel/lin_vel_x_min: -1.0000
  Episode_Reward/track_angular_velocity: 0.0009
             Metrics/twist/error_vel_xy: 0.1442
                Episode_Reward/air_time: 0.0000
          Metrics/angular_momentum_mean: 3.5716
                    Episode_Reward/pose: 0.0147
            Episode_Reward/body_ang_vel: -0.0260
          Episode_Termination/fell_over: 103.3750
             Metrics/slip_velocity_mean: 0.4328
          Episode_Reward/dof_pos_limits: -0.0020
               Episode_Reward/foot_slip: -0.0023
   Episode_Reward/track_linear_velocity: 0.0201
   Curriculum/command_vel/ang_vel_z_min: -0.5000
                 Episode_Reward/upright: 0.0290
            Metrics/twist/error_vel_yaw: 0.3580
            Episode_Reward/soft_landing: -0.0001
   Curriculum/command_vel/lin_vel_y_max: 1.0000
          Episode_Reward/foot_clearance: -0.0101
   Curriculum/command_vel/lin_vel_x_max: 1.0000
         Episode_Reward/self_collisions: -0.0214
           Episode_Termination/time_out: 0.0000
   Curriculum/command_vel/lin_vel_y_min: -1.0000
             Metrics/landing_force_mean: 256.0092
--------------------------------------------------------------------------------
                         Iteration time: 1.15s
                           Time elapsed: 0:00:08
                                    ETA: 10:39:55

################################################################################
[1m                           Learning iteration 7/30000                           [0m 

                               Run name: seed0
                            Total steps: 1572864 
                       Steps per second: 171750 
                        Collection time: 0.947s 
                          Learning time: 0.198s 
                        Mean value loss: 0.2301
                    Mean surrogate loss: -0.0079
                      Mean entropy loss: 40.1235
                            Mean reward: -7.05
                    Mean episode length: 61.02
                        Mean action std: 0.96
   Curriculum/command_vel/ang_vel_z_max: 0.5000
        Episode_Reward/angular_momentum: -0.0279
               Metrics/peak_height_mean: 0.0166
       Episode_Reward/foot_swing_height: -0.0053
          Episode_Reward/action_rate_l2: -0.3237
        Episode_Metrics/mean_action_acc: 1.8507
   Curriculum/command_vel/lin_vel_x_min: -1.0000
  Episode_Reward/track_angular_velocity: 0.0010
             Metrics/twist/error_vel_xy: 0.1476
                Episode_Reward/air_time: 0.0000
          Metrics/angular_momentum_mean: 3.7967
                    Episode_Reward/pose: 0.0150
            Episode_Reward/body_ang_vel: -0.0259
          Episode_Termination/fell_over: 157.3333
             Metrics/slip_velocity_mean: 0.4340
          Episode_Reward/dof_pos_limits: -0.0020
               Episode_Reward/foot_slip: -0.0021
   Episode_Reward/track_linear_velocity: 0.0197
   Curriculum/command_vel/ang_vel_z_min: -0.5000
                 Episode_Reward/upright: 0.0286
            Metrics/twist/error_vel_yaw: 0.3613
            Episode_Reward/soft_landing: -0.0001
   Curriculum/command_vel/lin_vel_y_max: 1.0000
          Episode_Reward/foot_clearance: -0.0098
   Curriculum/command_vel/lin_vel_x_max: 1.0000
         Episode_Reward/self_collisions: -0.0203
           Episode_Termination/time_out: 0.0000
   Curriculum/command_vel/lin_vel_y_min: -1.0000
             Metrics/landing_force_mean: 258.0002
--------------------------------------------------------------------------------
                         Iteration time: 1.14s
                           Time elapsed: 0:00:10
                                    ETA: 10:31:26

################################################################################
[1m                           Learning iteration 8/30000                           [0m 

                               Run name: seed0
                            Total steps: 1769472 
                       Steps per second: 170164 
                        Collection time: 0.958s 
                          Learning time: 0.198s 
                        Mean value loss: 0.2177
                    Mean surrogate loss: -0.0081
                      Mean entropy loss: 39.9783
                            Mean reward: -6.98
                    Mean episode length: 62.30
                        Mean action std: 0.96
   Curriculum/command_vel/ang_vel_z_max: 0.5000
        Episode_Reward/angular_momentum: -0.0280
               Metrics/peak_height_mean: 0.0145
       Episode_Reward/foot_swing_height: -0.0056
          Episode_Reward/action_rate_l2: -0.3322
        Episode_Metrics/mean_action_acc: 1.8357
   Curriculum/command_vel/lin_vel_x_min: -1.0000
  Episode_Reward/track_angular_velocity: 0.0010
             Metrics/twist/error_vel_xy: 0.1512
                Episode_Reward/air_time: 0.0000
          Metrics/angular_momentum_mean: 3.4201
                    Episode_Reward/pose: 0.0157
            Episode_Reward/body_ang_vel: -0.0261
          Episode_Termination/fell_over: 124.5417
             Metrics/slip_velocity_mean: 0.4269
          Episode_Reward/dof_pos_limits: -0.0021
               Episode_Reward/foot_slip: -0.0022
   Episode_Reward/track_linear_velocity: 0.0213
   Curriculum/command_vel/ang_vel_z_min: -0.5000
                 Episode_Reward/upright: 0.0296
            Metrics/twist/error_vel_yaw: 0.3760
            Episode_Reward/soft_landing: -0.0001
   Curriculum/command_vel/lin_vel_y_max: 1.0000
          Episode_Reward/foot_clearance: -0.0102
   Curriculum/command_vel/lin_vel_x_max: 1.0000
         Episode_Reward/self_collisions: -0.0200
           Episode_Termination/time_out: 0.0000
   Curriculum/command_vel/lin_vel_y_min: -1.0000
             Metrics/landing_force_mean: 257.3890
--------------------------------------------------------------------------------
                         Iteration time: 1.16s
                           Time elapsed: 0:00:11
                                    ETA: 10:25:25

################################################################################
[1m                           Learning iteration 9/30000                           [0m 

                               Run name: seed0
                            Total steps: 1966080 
                       Steps per second: 171042 
                        Collection time: 0.952s 
                          Learning time: 0.198s 
                        Mean value loss: 0.1706
                    Mean surrogate loss: -0.0079
                      Mean entropy loss: 39.8355
                            Mean reward: -6.75
                    Mean episode length: 60.62
                        Mean action std: 0.95
   Curriculum/command_vel/ang_vel_z_max: 0.5000
        Episode_Reward/angular_momentum: -0.0275
               Metrics/peak_height_mean: 0.0149
       Episode_Reward/foot_swing_height: -0.0054
          Episode_Reward/action_rate_l2: -0.3123
        Episode_Metrics/mean_action_acc: 1.8197
   Curriculum/command_vel/lin_vel_x_min: -1.0000
  Episode_Reward/track_angular_velocity: 0.0009
             Metrics/twist/error_vel_xy: 0.1439
                Episode_Reward/air_time: 0.0000
          Metrics/angular_momentum_mean: 3.6605
                    Episode_Reward/pose: 0.0152
            Episode_Reward/body_ang_vel: -0.0248
          Episode_Termination/fell_over: 132.2500
             Metrics/slip_velocity_mean: 0.4296
          Episode_Reward/dof_pos_limits: -0.0019
               Episode_Reward/foot_slip: -0.0022
   Episode_Reward/track_linear_velocity: 0.0200
   Curriculum/command_vel/ang_vel_z_min: -0.5000
                 Episode_Reward/upright: 0.0288
            Metrics/twist/error_vel_yaw: 0.3575
            Episode_Reward/soft_landing: -0.0001
   Curriculum/command_vel/lin_vel_y_max: 1.0000
          Episode_Reward/foot_clearance: -0.0098
   Curriculum/command_vel/lin_vel_x_max: 1.0000
         Episode_Reward/self_collisions: -0.0180
           Episode_Termination/time_out: 0.0000
   Curriculum/command_vel/lin_vel_y_min: -1.0000
             Metrics/landing_force_mean: 253.9828
--------------------------------------------------------------------------------
                         Iteration time: 1.15s
                           Time elapsed: 0:00:12
                                    ETA: 10:20:19

################################################################################
[1m                          Learning iteration 10/30000                           [0m 

                               Run name: seed0
                            Total steps: 2162688 
                       Steps per second: 170750 
                        Collection time: 0.954s 
                          Learning time: 0.198s 
                        Mean value loss: 0.1276
                    Mean surrogate loss: -0.0082
                      Mean entropy loss: 39.6980
                            Mean reward: -6.74
                    Mean episode length: 62.54
                        Mean action std: 0.95
   Curriculum/command_vel/ang_vel_z_max: 0.5000
        Episode_Reward/angular_momentum: -0.0270
               Metrics/peak_height_mean: 0.0152
       Episode_Reward/foot_swing_height: -0.0054
          Episode_Reward/action_rate_l2: -0.3150
        Episode_Metrics/mean_action_acc: 1.8054
   Curriculum/command_vel/lin_vel_x_min: -1.0000
  Episode_Reward/track_angular_velocity: 0.0010
             Metrics/twist/error_vel_xy: 0.1451
                Episode_Reward/air_time: 0.0000
          Metrics/angular_momentum_mean: 3.5469
                    Episode_Reward/pose: 0.0152
            Episode_Reward/body_ang_vel: -0.0247
          Episode_Termination/fell_over: 141.1667
             Metrics/slip_velocity_mean: 0.4261
          Episode_Reward/dof_pos_limits: -0.0020
               Episode_Reward/foot_slip: -0.0021
   Episode_Reward/track_linear_velocity: 0.0211
   Curriculum/command_vel/ang_vel_z_min: -0.5000
                 Episode_Reward/upright: 0.0294
            Metrics/twist/error_vel_yaw: 0.3641
            Episode_Reward/soft_landing: -0.0001
   Curriculum/command_vel/lin_vel_y_max: 1.0000
          Episode_Reward/foot_clearance: -0.0097
   Curriculum/command_vel/lin_vel_x_max: 1.0000
         Episode_Reward/self_collisions: -0.0174
           Episode_Termination/time_out: 0.0000
   Curriculum/command_vel/lin_vel_y_min: -1.0000
             Metrics/landing_force_mean: 255.3245
--------------------------------------------------------------------------------
                         Iteration time: 1.15s
                           Time elapsed: 0:00:13
                                    ETA: 10:16:13

################################################################################
[1m                          Learning iteration 11/30000                           [0m 

                               Run name: seed0
                            Total steps: 2359296 
                       Steps per second: 170500 
                        Collection time: 0.955s 
                          Learning time: 0.198s 
                        Mean value loss: 0.1080
                    Mean surrogate loss: -0.0110
                      Mean entropy loss: 39.5442
                            Mean reward: -6.62
                    Mean episode length: 62.07
                        Mean action std: 0.95
   Curriculum/command_vel/ang_vel_z_max: 0.5000
        Episode_Reward/angular_momentum: -0.0267
               Metrics/peak_height_mean: 0.0144
       Episode_Reward/foot_swing_height: -0.0055
          Episode_Reward/action_rate_l2: -0.3094
        Episode_Metrics/mean_action_acc: 1.7885
   Curriculum/command_vel/lin_vel_x_min: -1.0000
  Episode_Reward/track_angular_velocity: 0.0010
             Metrics/twist/error_vel_xy: 0.1439
                Episode_Reward/air_time: 0.0000
          Metrics/angular_momentum_mean: 3.4602
                    Episode_Reward/pose: 0.0154
            Episode_Reward/body_ang_vel: -0.0241
          Episode_Termination/fell_over: 128.3750
             Metrics/slip_velocity_mean: 0.4223
          Episode_Reward/dof_pos_limits: -0.0020
               Episode_Reward/foot_slip: -0.0021
   Episode_Reward/track_linear_velocity: 0.0211
   Curriculum/command_vel/ang_vel_z_min: -0.5000
                 Episode_Reward/upright: 0.0296
            Metrics/twist/error_vel_yaw: 0.3607
            Episode_Reward/soft_landing: -0.0001
   Curriculum/command_vel/lin_vel_y_max: 1.0000
          Episode_Reward/foot_clearance: -0.0098
   Curriculum/command_vel/lin_vel_x_max: 1.0000
         Episode_Reward/self_collisions: -0.0166
           Episode_Termination/time_out: 0.0000
   Curriculum/command_vel/lin_vel_y_min: -1.0000
             Metrics/landing_force_mean: 255.2092
--------------------------------------------------------------------------------
                         Iteration time: 1.15s
                           Time elapsed: 0:00:14
                                    ETA: 10:12:53

################################################################################
[1m                          Learning iteration 12/30000                           [0m 

                               Run name: seed0
                            Total steps: 2555904 
                       Steps per second: 170937 
                        Collection time: 0.953s 
                          Learning time: 0.198s 
                        Mean value loss: 0.0805
                    Mean surrogate loss: -0.0123
                      Mean entropy loss: 39.4154
                            Mean reward: -6.53
                    Mean episode length: 63.19
                        Mean action std: 0.94
   Curriculum/command_vel/ang_vel_z_max: 0.5000
        Episode_Reward/angular_momentum: -0.0259
               Metrics/peak_height_mean: 0.0146
       Episode_Reward/foot_swing_height: -0.0054
          Episode_Reward/action_rate_l2: -0.2997
        Episode_Metrics/mean_action_acc: 1.7732
   Curriculum/command_vel/lin_vel_x_min: -1.0000
  Episode_Reward/track_angular_velocity: 0.0010
             Metrics/twist/error_vel_xy: 0.1407
                Episode_Reward/air_time: 0.0000
          Metrics/angular_momentum_mean: 3.5357
                    Episode_Reward/pose: 0.0152
            Episode_Reward/body_ang_vel: -0.0233
          Episode_Termination/fell_over: 136.6250
             Metrics/slip_velocity_mean: 0.4225
          Episode_Reward/dof_pos_limits: -0.0019
               Episode_Reward/foot_slip: -0.0021
   Episode_Reward/track_linear_velocity: 0.0209
   Curriculum/command_vel/ang_vel_z_min: -0.5000
                 Episode_Reward/upright: 0.0298
            Metrics/twist/error_vel_yaw: 0.3567
            Episode_Reward/soft_landing: -0.0001
   Curriculum/command_vel/lin_vel_y_max: 1.0000
          Episode_Reward/foot_clearance: -0.0096
   Curriculum/command_vel/lin_vel_x_max: 1.0000
         Episode_Reward/self_collisions: -0.0152
           Episode_Termination/time_out: 0.0000
   Curriculum/command_vel/lin_vel_y_min: -1.0000
             Metrics/landing_force_mean: 254.3133
--------------------------------------------------------------------------------
                         Iteration time: 1.15s
                           Time elapsed: 0:00:15
                                    ETA: 10:09:56

################################################################################
[1m                          Learning iteration 13/30000                           [0m 

                               Run name: seed0
                            Total steps: 2752512 
                       Steps per second: 170676 
                        Collection time: 0.954s 
                          Learning time: 0.198s 
                        Mean value loss: 0.0703
                    Mean surrogate loss: -0.0130
                      Mean entropy loss: 39.2778
                            Mean reward: -6.24
                    Mean episode length: 61.54
                        Mean action std: 0.94
   Curriculum/command_vel/ang_vel_z_max: 0.5000
        Episode_Reward/angular_momentum: -0.0254
               Metrics/peak_height_mean: 0.0143
       Episode_Reward/foot_swing_height: -0.0054
          Episode_Reward/action_rate_l2: -0.2979
        Episode_Metrics/mean_action_acc: 1.7597
   Curriculum/command_vel/lin_vel_x_min: -1.0000
  Episode_Reward/track_angular_velocity: 0.0010
             Metrics/twist/error_vel_xy: 0.1385
                Episode_Reward/air_time: 0.0000
          Metrics/angular_momentum_mean: 3.4362
                    Episode_Reward/pose: 0.0153
            Episode_Reward/body_ang_vel: -0.0228
          Episode_Termination/fell_over: 137.4583
             Metrics/slip_velocity_mean: 0.4183
          Episode_Reward/dof_pos_limits: -0.0019
               Episode_Reward/foot_slip: -0.0021
   Episode_Reward/track_linear_velocity: 0.0218
   Curriculum/command_vel/ang_vel_z_min: -0.5000
                 Episode_Reward/upright: 0.0305
            Metrics/twist/error_vel_yaw: 0.3565
            Episode_Reward/soft_landing: -0.0001
   Curriculum/command_vel/lin_vel_y_max: 1.0000
          Episode_Reward/foot_clearance: -0.0096
   Curriculum/command_vel/lin_vel_x_max: 1.0000
         Episode_Reward/self_collisions: -0.0143
           Episode_Termination/time_out: 0.0000
   Curriculum/command_vel/lin_vel_y_min: -1.0000
             Metrics/landing_force_mean: 254.4712
--------------------------------------------------------------------------------
                         Iteration time: 1.15s
                           Time elapsed: 0:00:17
                                    ETA: 10:07:28

################################################################################
[1m                          Learning iteration 14/30000                           [0m 

                               Run name: seed0
                            Total steps: 2949120 
                       Steps per second: 171115 
                        Collection time: 0.951s 
                          Learning time: 0.198s 
                        Mean value loss: 0.0646
                    Mean surrogate loss: -0.0143
                      Mean entropy loss: 39.1178
                            Mean reward: -5.85
                    Mean episode length: 58.76
                        Mean action std: 0.93
   Curriculum/command_vel/ang_vel_z_max: 0.5000
        Episode_Reward/angular_momentum: -0.0247
               Metrics/peak_height_mean: 0.0139
       Episode_Reward/foot_swing_height: -0.0054
          Episode_Reward/action_rate_l2: -0.2888
        Episode_Metrics/mean_action_acc: 1.7440
   Curriculum/command_vel/lin_vel_x_min: -1.0000
  Episode_Reward/track_angular_velocity: 0.0010
             Metrics/twist/error_vel_xy: 0.1357
                Episode_Reward/air_time: 0.0000
          Metrics/angular_momentum_mean: 3.4544
                    Episode_Reward/pose: 0.0153
            Episode_Reward/body_ang_vel: -0.0218
          Episode_Termination/fell_over: 135.0417
             Metrics/slip_velocity_mean: 0.4173
          Episode_Reward/dof_pos_limits: -0.0018
               Episode_Reward/foot_slip: -0.0021
   Episode_Reward/track_linear_velocity: 0.0217
   Curriculum/command_vel/ang_vel_z_min: -0.5000
                 Episode_Reward/upright: 0.0304
            Metrics/twist/error_vel_yaw: 0.3498
            Episode_Reward/soft_landing: -0.0001
   Curriculum/command_vel/lin_vel_y_max: 1.0000
          Episode_Reward/foot_clearance: -0.0095
   Curriculum/command_vel/lin_vel_x_max: 1.0000
         Episode_Reward/self_collisions: -0.0139
           Episode_Termination/time_out: 0.0000
   Curriculum/command_vel/lin_vel_y_min: -1.0000
             Metrics/landing_force_mean: 254.7205
--------------------------------------------------------------------------------
                         Iteration time: 1.15s
                           Time elapsed: 0:00:18
                                    ETA: 10:05:14

################################################################################
[1m                          Learning iteration 15/30000                           [0m 

                               Run name: seed0
                            Total steps: 3145728 
                       Steps per second: 170819 
                        Collection time: 0.954s 
                          Learning time: 0.197s 
                        Mean value loss: 0.0671
                    Mean surrogate loss: -0.0159
                      Mean entropy loss: 38.9566
                            Mean reward: -5.66
                    Mean episode length: 57.97
                        Mean action std: 0.93
   Curriculum/command_vel/ang_vel_z_max: 0.5000
        Episode_Reward/angular_momentum: -0.0240
               Metrics/peak_height_mean: 0.0139
       Episode_Reward/foot_swing_height: -0.0053
          Episode_Reward/action_rate_l2: -0.2824
        Episode_Metrics/mean_action_acc: 1.7286
   Curriculum/command_vel/lin_vel_x_min: -1.0000
  Episode_Reward/track_angular_velocity: 0.0010
             Metrics/twist/error_vel_xy: 0.1346
                Episode_Reward/air_time: 0.0000
          Metrics/angular_momentum_mean: 3.4225
                    Episode_Reward/pose: 0.0155
            Episode_Reward/body_ang_vel: -0.0210
          Episode_Termination/fell_over: 142.0417
             Metrics/slip_velocity_mean: 0.4174
          Episode_Reward/dof_pos_limits: -0.0018
               Episode_Reward/foot_slip: -0.0020
   Episode_Reward/track_linear_velocity: 0.0211
   Curriculum/command_vel/ang_vel_z_min: -0.5000
                 Episode_Reward/upright: 0.0308
            Metrics/twist/error_vel_yaw: 0.3461
            Episode_Reward/soft_landing: -0.0001
   Curriculum/command_vel/lin_vel_y_max: 1.0000
          Episode_Reward/foot_clearance: -0.0094
   Curriculum/command_vel/lin_vel_x_max: 1.0000
         Episode_Reward/self_collisions: -0.0132
           Episode_Termination/time_out: 0.0000
   Curriculum/command_vel/lin_vel_y_min: -1.0000
             Metrics/landing_force_mean: 254.9049
--------------------------------------------------------------------------------
                         Iteration time: 1.15s
                           Time elapsed: 0:00:19
                                    ETA: 10:03:20

################################################################################
[1m                          Learning iteration 16/30000                           [0m 

                               Run name: seed0
                            Total steps: 3342336 
                       Steps per second: 171406 
                        Collection time: 0.950s 
                          Learning time: 0.197s 
                        Mean value loss: 0.0701
                    Mean surrogate loss: -0.0145
                      Mean entropy loss: 38.8196
                            Mean reward: -5.44
                    Mean episode length: 58.12
                        Mean action std: 0.92
   Curriculum/command_vel/ang_vel_z_max: 0.5000
        Episode_Reward/angular_momentum: -0.0238
               Metrics/peak_height_mean: 0.0138
       Episode_Reward/foot_swing_height: -0.0053
          Episode_Reward/action_rate_l2: -0.2768
        Episode_Metrics/mean_action_acc: 1.7142
   Curriculum/command_vel/lin_vel_x_min: -1.0000
  Episode_Reward/track_angular_velocity: 0.0010
             Metrics/twist/error_vel_xy: 0.1312
                Episode_Reward/air_time: 0.0000
          Metrics/angular_momentum_mean: 3.4305
                    Episode_Reward/pose: 0.0155
            Episode_Reward/body_ang_vel: -0.0201
          Episode_Termination/fell_over: 138.0000
             Metrics/slip_velocity_mean: 0.4145
          Episode_Reward/dof_pos_limits: -0.0018
               Episode_Reward/foot_slip: -0.0020
   Episode_Reward/track_linear_velocity: 0.0216
   Curriculum/command_vel/ang_vel_z_min: -0.5000
                 Episode_Reward/upright: 0.0318
            Metrics/twist/error_vel_yaw: 0.3431
            Episode_Reward/soft_landing: -0.0001
   Curriculum/command_vel/lin_vel_y_max: 1.0000
          Episode_Reward/foot_clearance: -0.0094
   Curriculum/command_vel/lin_vel_x_max: 1.0000
         Episode_Reward/self_collisions: -0.0122
           Episode_Termination/time_out: 0.0000
   Curriculum/command_vel/lin_vel_y_min: -1.0000
             Metrics/landing_force_mean: 253.3148
--------------------------------------------------------------------------------
                         Iteration time: 1.15s
                           Time elapsed: 0:00:20
                                    ETA: 10:01:32

################################################################################
[1m                          Learning iteration 17/30000                           [0m 

                               Run name: seed0
                            Total steps: 3538944 
                       Steps per second: 171758 
                        Collection time: 0.947s 
                          Learning time: 0.198s 
                        Mean value loss: 0.0723
                    Mean surrogate loss: -0.0152
                      Mean entropy loss: 38.6013
                            Mean reward: -5.35
                    Mean episode length: 57.24
                        Mean action std: 0.91
   Curriculum/command_vel/ang_vel_z_max: 0.5000
        Episode_Reward/angular_momentum: -0.0235
               Metrics/peak_height_mean: 0.0140
       Episode_Reward/foot_swing_height: -0.0050
          Episode_Reward/action_rate_l2: -0.2645
        Episode_Metrics/mean_action_acc: 1.6946
   Curriculum/command_vel/lin_vel_x_min: -1.0000
  Episode_Reward/track_angular_velocity: 0.0010
             Metrics/twist/error_vel_xy: 0.1285
                Episode_Reward/air_time: 0.0000
          Metrics/angular_momentum_mean: 3.5039
                    Episode_Reward/pose: 0.0150
            Episode_Reward/body_ang_vel: -0.0192
          Episode_Termination/fell_over: 150.6250
             Metrics/slip_velocity_mean: 0.4142
          Episode_Reward/dof_pos_limits: -0.0017
               Episode_Reward/foot_slip: -0.0019
   Episode_Reward/track_linear_velocity: 0.0209
   Curriculum/command_vel/ang_vel_z_min: -0.5000
                 Episode_Reward/upright: 0.0318
            Metrics/twist/error_vel_yaw: 0.3321
            Episode_Reward/soft_landing: -0.0001
   Curriculum/command_vel/lin_vel_y_max: 1.0000
          Episode_Reward/foot_clearance: -0.0090
   Curriculum/command_vel/lin_vel_x_max: 1.0000
         Episode_Reward/self_collisions: -0.0117
           Episode_Termination/time_out: 0.0000
   Curriculum/command_vel/lin_vel_y_min: -1.0000
             Metrics/landing_force_mean: 254.1712
--------------------------------------------------------------------------------
                         Iteration time: 1.14s
                           Time elapsed: 0:00:21
                                    ETA: 9:59:53

################################################################################
[1m                          Learning iteration 18/30000                           [0m 

                               Run name: seed0
                            Total steps: 3735552 
                       Steps per second: 171220 
                        Collection time: 0.951s 
                          Learning time: 0.197s 
                        Mean value loss: 0.0688
                    Mean surrogate loss: -0.0153
                      Mean entropy loss: 38.3881
                            Mean reward: -5.00
                    Mean episode length: 55.79
                        Mean action std: 0.91
   Curriculum/command_vel/ang_vel_z_max: 0.5000
        Episode_Reward/angular_momentum: -0.0228
               Metrics/peak_height_mean: 0.0137
       Episode_Reward/foot_swing_height: -0.0049
          Episode_Reward/action_rate_l2: -0.2532
        Episode_Metrics/mean_action_acc: 1.6755
   Curriculum/command_vel/lin_vel_x_min: -1.0000
  Episode_Reward/track_angular_velocity: 0.0009
             Metrics/twist/error_vel_xy: 0.1230
                Episode_Reward/air_time: 0.0000
          Metrics/angular_momentum_mean: 3.4636
                    Episode_Reward/pose: 0.0149
            Episode_Reward/body_ang_vel: -0.0182
          Episode_Termination/fell_over: 147.7083
             Metrics/slip_velocity_mean: 0.4114
          Episode_Reward/dof_pos_limits: -0.0017
               Episode_Reward/foot_slip: -0.0019
   Episode_Reward/track_linear_velocity: 0.0207
   Curriculum/command_vel/ang_vel_z_min: -0.5000
                 Episode_Reward/upright: 0.0320
            Metrics/twist/error_vel_yaw: 0.3214
            Episode_Reward/soft_landing: -0.0001
   Curriculum/command_vel/lin_vel_y_max: 1.0000
          Episode_Reward/foot_clearance: -0.0088
   Curriculum/command_vel/lin_vel_x_max: 1.0000
         Episode_Reward/self_collisions: -0.0112
           Episode_Termination/time_out: 0.0000
   Curriculum/command_vel/lin_vel_y_min: -1.0000
             Metrics/landing_force_mean: 253.5720
--------------------------------------------------------------------------------
                         Iteration time: 1.15s
                           Time elapsed: 0:00:22
                                    ETA: 9:58:29

################################################################################
[1m                          Learning iteration 19/30000                           [0m 

                               Run name: seed0
                            Total steps: 3932160 
                       Steps per second: 171664 
                        Collection time: 0.947s 
                          Learning time: 0.198s 
                        Mean value loss: 0.0664
                    Mean surrogate loss: -0.0143
                      Mean entropy loss: 38.1871
                            Mean reward: -4.78
                    Mean episode length: 55.40
                        Mean action std: 0.90
   Curriculum/command_vel/ang_vel_z_max: 0.5000
        Episode_Reward/angular_momentum: -0.0224
               Metrics/peak_height_mean: 0.0137
       Episode_Reward/foot_swing_height: -0.0048
          Episode_Reward/action_rate_l2: -0.2409
        Episode_Metrics/mean_action_acc: 1.6551
   Curriculum/command_vel/lin_vel_x_min: -1.0000
  Episode_Reward/track_angular_velocity: 0.0010
             Metrics/twist/error_vel_xy: 0.1184
                Episode_Reward/air_time: 0.0000
          Metrics/angular_momentum_mean: 3.5338
                    Episode_Reward/pose: 0.0148
            Episode_Reward/body_ang_vel: -0.0173
          Episode_Termination/fell_over: 155.0000
             Metrics/slip_velocity_mean: 0.4122
          Episode_Reward/dof_pos_limits: -0.0016
               Episode_Reward/foot_slip: -0.0018
   Episode_Reward/track_linear_velocity: 0.0204
   Curriculum/command_vel/ang_vel_z_min: -0.5000
                 Episode_Reward/upright: 0.0323
            Metrics/twist/error_vel_yaw: 0.3092
            Episode_Reward/soft_landing: -0.0001
   Curriculum/command_vel/lin_vel_y_max: 1.0000
          Episode_Reward/foot_clearance: -0.0087
   Curriculum/command_vel/lin_vel_x_max: 1.0000
         Episode_Reward/self_collisions: -0.0109
           Episode_Termination/time_out: 0.0000
   Curriculum/command_vel/lin_vel_y_min: -1.0000
             Metrics/landing_force_mean: 250.7188
--------------------------------------------------------------------------------
                         Iteration time: 1.15s
                           Time elapsed: 0:00:23
                                    ETA: 9:57:09

################################################################################
[1m                          Learning iteration 20/30000                           [0m 

                               Run name: seed0
                            Total steps: 4128768 
                       Steps per second: 172119 
                        Collection time: 0.945s 
                          Learning time: 0.198s 
                        Mean value loss: 0.0623
                    Mean surrogate loss: -0.0130
                      Mean entropy loss: 38.0386
                            Mean reward: -4.47
                    Mean episode length: 52.74
                        Mean action std: 0.90
   Curriculum/command_vel/ang_vel_z_max: 0.5000
        Episode_Reward/angular_momentum: -0.0224
               Metrics/peak_height_mean: 0.0141
       Episode_Reward/foot_swing_height: -0.0046
          Episode_Reward/action_rate_l2: -0.2278
        Episode_Metrics/mean_action_acc: 1.6360
   Curriculum/command_vel/lin_vel_x_min: -1.0000
  Episode_Reward/track_angular_velocity: 0.0009
             Metrics/twist/error_vel_xy: 0.1122
                Episode_Reward/air_time: 0.0000
          Metrics/angular_momentum_mean: 3.6175
                    Episode_Reward/pose: 0.0143
            Episode_Reward/body_ang_vel: -0.0165
          Episode_Termination/fell_over: 164.1250
             Metrics/slip_velocity_mean: 0.4123
          Episode_Reward/dof_pos_limits: -0.0015
               Episode_Reward/foot_slip: -0.0017
   Episode_Reward/track_linear_velocity: 0.0197
   Curriculum/command_vel/ang_vel_z_min: -0.5000
                 Episode_Reward/upright: 0.0322
            Metrics/twist/error_vel_yaw: 0.2956
            Episode_Reward/soft_landing: -0.0001
   Curriculum/command_vel/lin_vel_y_max: 1.0000
          Episode_Reward/foot_clearance: -0.0084
   Curriculum/command_vel/lin_vel_x_max: 1.0000
         Episode_Reward/self_collisions: -0.0103
           Episode_Termination/time_out: 0.0000
   Curriculum/command_vel/lin_vel_y_min: -1.0000
             Metrics/landing_force_mean: 251.6770
--------------------------------------------------------------------------------
                         Iteration time: 1.14s
                           Time elapsed: 0:00:25
                                    ETA: 9:55:53

################################################################################
[1m                          Learning iteration 21/30000                           [0m 

                               Run name: seed0
                            Total steps: 4325376 
                       Steps per second: 172605 
                        Collection time: 0.942s 
                          Learning time: 0.197s 
                        Mean value loss: 0.0593
                    Mean surrogate loss: -0.0127
                      Mean entropy loss: 37.8970
                            Mean reward: -4.06
                    Mean episode length: 49.56
                        Mean action std: 0.89
   Curriculum/command_vel/ang_vel_z_max: 0.5000
        Episode_Reward/angular_momentum: -0.0221
               Metrics/peak_height_mean: 0.0143
       Episode_Reward/foot_swing_height: -0.0044
          Episode_Reward/action_rate_l2: -0.2148
        Episode_Metrics/mean_action_acc: 1.6173
   Curriculum/command_vel/lin_vel_x_min: -1.0000
  Episode_Reward/track_angular_velocity: 0.0008
             Metrics/twist/error_vel_xy: 0.1072
                Episode_Reward/air_time: 0.0000
          Metrics/angular_momentum_mean: 3.6776
                    Episode_Reward/pose: 0.0140
            Episode_Reward/body_ang_vel: -0.0155
          Episode_Termination/fell_over: 166.2917
             Metrics/slip_velocity_mean: 0.4127
          Episode_Reward/dof_pos_limits: -0.0015
               Episode_Reward/foot_slip: -0.0017
   Episode_Reward/track_linear_velocity: 0.0192
   Curriculum/command_vel/ang_vel_z_min: -0.5000
                 Episode_Reward/upright: 0.0318
            Metrics/twist/error_vel_yaw: 0.2821
            Episode_Reward/soft_landing: -0.0001
   Curriculum/command_vel/lin_vel_y_max: 1.0000
          Episode_Reward/foot_clearance: -0.0081
   Curriculum/command_vel/lin_vel_x_max: 1.0000
         Episode_Reward/self_collisions: -0.0098
           Episode_Termination/time_out: 0.0000
   Curriculum/command_vel/lin_vel_y_min: -1.0000
             Metrics/landing_force_mean: 250.0356
--------------------------------------------------------------------------------
                         Iteration time: 1.14s
                           Time elapsed: 0:00:26
                                    ETA: 9:54:38

################################################################################
[1m                          Learning iteration 22/30000                           [0m 

                               Run name: seed0
                            Total steps: 4521984 
                       Steps per second: 172775 
                        Collection time: 0.941s 
                          Learning time: 0.197s 
                        Mean value loss: 0.0548
                    Mean surrogate loss: -0.0125
                      Mean entropy loss: 37.7678
                            Mean reward: -3.89
                    Mean episode length: 47.49
                        Mean action std: 0.89
   Curriculum/command_vel/ang_vel_z_max: 0.5000
        Episode_Reward/angular_momentum: -0.0219
               Metrics/peak_height_mean: 0.0148
       Episode_Reward/foot_swing_height: -0.0042
          Episode_Reward/action_rate_l2: -0.2040
        Episode_Metrics/mean_action_acc: 1.6031
   Curriculum/command_vel/lin_vel_x_min: -1.0000
  Episode_Reward/track_angular_velocity: 0.0008
             Metrics/twist/error_vel_xy: 0.1028
                Episode_Reward/air_time: 0.0000
          Metrics/angular_momentum_mean: 3.7375
                    Episode_Reward/pose: 0.0135
            Episode_Reward/body_ang_vel: -0.0149
          Episode_Termination/fell_over: 176.4167
             Metrics/slip_velocity_mean: 0.4131
          Episode_Reward/dof_pos_limits: -0.0014
               Episode_Reward/foot_slip: -0.0016
   Episode_Reward/track_linear_velocity: 0.0184
   Curriculum/command_vel/ang_vel_z_min: -0.5000
                 Episode_Reward/upright: 0.0313
            Metrics/twist/error_vel_yaw: 0.2707
            Episode_Reward/soft_landing: -0.0001
   Curriculum/command_vel/lin_vel_y_max: 1.0000
          Episode_Reward/foot_clearance: -0.0078
   Curriculum/command_vel/lin_vel_x_max: 1.0000
         Episode_Reward/self_collisions: -0.0095
           Episode_Termination/time_out: 0.0000
   Curriculum/command_vel/lin_vel_y_min: -1.0000
             Metrics/landing_force_mean: 251.4078
--------------------------------------------------------------------------------
                         Iteration time: 1.14s
                           Time elapsed: 0:00:27
                                    ETA: 9:53:29

################################################################################
[1m                          Learning iteration 23/30000                           [0m 

                               Run name: seed0
                            Total steps: 4718592 
                       Steps per second: 173120 
                        Collection time: 0.938s 
                          Learning time: 0.198s 
                        Mean value loss: 0.0498
                    Mean surrogate loss: -0.0139
                      Mean entropy loss: 37.6069
                            Mean reward: -3.73
                    Mean episode length: 46.60
                        Mean action std: 0.88
   Curriculum/command_vel/ang_vel_z_max: 0.5000
        Episode_Reward/angular_momentum: -0.0216
               Metrics/peak_height_mean: 0.0149
       Episode_Reward/foot_swing_height: -0.0040
          Episode_Reward/action_rate_l2: -0.1927
        Episode_Metrics/mean_action_acc: 1.5883
   Curriculum/command_vel/lin_vel_x_min: -1.0000
  Episode_Reward/track_angular_velocity: 0.0008
             Metrics/twist/error_vel_xy: 0.0974
                Episode_Reward/air_time: 0.0000
          Metrics/angular_momentum_mean: 3.7989
                    Episode_Reward/pose: 0.0129
            Episode_Reward/body_ang_vel: -0.0143
          Episode_Termination/fell_over: 176.6667
             Metrics/slip_velocity_mean: 0.4139
          Episode_Reward/dof_pos_limits: -0.0014
               Episode_Reward/foot_slip: -0.0015
   Episode_Reward/track_linear_velocity: 0.0178
   Curriculum/command_vel/ang_vel_z_min: -0.5000
                 Episode_Reward/upright: 0.0306
            Metrics/twist/error_vel_yaw: 0.2587
            Episode_Reward/soft_landing: -0.0001
   Curriculum/command_vel/lin_vel_y_max: 1.0000
          Episode_Reward/foot_clearance: -0.0074
   Curriculum/command_vel/lin_vel_x_max: 1.0000
         Episode_Reward/self_collisions: -0.0088
           Episode_Termination/time_out: 0.0000
   Curriculum/command_vel/lin_vel_y_min: -1.0000
             Metrics/landing_force_mean: 250.7888
--------------------------------------------------------------------------------
                         Iteration time: 1.14s
                           Time elapsed: 0:00:28
                                    ETA: 9:52:23

################################################################################
[1m                          Learning iteration 24/30000                           [0m 

                               Run name: seed0
                            Total steps: 4915200 
                       Steps per second: 173627 
                        Collection time: 0.935s 
                          Learning time: 0.197s 
                        Mean value loss: 0.0451
                    Mean surrogate loss: -0.0151
                      Mean entropy loss: 37.3855
                            Mean reward: -3.50
                    Mean episode length: 45.19
                        Mean action std: 0.88
   Curriculum/command_vel/ang_vel_z_max: 0.5000
        Episode_Reward/angular_momentum: -0.0213
               Metrics/peak_height_mean: 0.0154
       Episode_Reward/foot_swing_height: -0.0037
          Episode_Reward/action_rate_l2: -0.1827
        Episode_Metrics/mean_action_acc: 1.5717
   Curriculum/command_vel/lin_vel_x_min: -1.0000
  Episode_Reward/track_angular_velocity: 0.0007
             Metrics/twist/error_vel_xy: 0.0940
                Episode_Reward/air_time: 0.0000
          Metrics/angular_momentum_mean: 3.8760
                    Episode_Reward/pose: 0.0126
            Episode_Reward/body_ang_vel: -0.0135
          Episode_Termination/fell_over: 186.5833
             Metrics/slip_velocity_mean: 0.4148
          Episode_Reward/dof_pos_limits: -0.0013
               Episode_Reward/foot_slip: -0.0015
   Episode_Reward/track_linear_velocity: 0.0169
   Curriculum/command_vel/ang_vel_z_min: -0.5000
                 Episode_Reward/upright: 0.0300
            Metrics/twist/error_vel_yaw: 0.2486
            Episode_Reward/soft_landing: -0.0000
   Curriculum/command_vel/lin_vel_y_max: 1.0000
          Episode_Reward/foot_clearance: -0.0072
   Curriculum/command_vel/lin_vel_x_max: 1.0000
         Episode_Reward/self_collisions: -0.0086
           Episode_Termination/time_out: 0.0000
   Curriculum/command_vel/lin_vel_y_min: -1.0000
             Metrics/landing_force_mean: 251.6242
--------------------------------------------------------------------------------
                         Iteration time: 1.13s
                           Time elapsed: 0:00:29
                                    ETA: 9:51:18

################################################################################
[1m                          Learning iteration 25/30000                           [0m 

                               Run name: seed0
                            Total steps: 5111808 
                       Steps per second: 174299 
                        Collection time: 0.930s 
                          Learning time: 0.198s 
                        Mean value loss: 0.0437
                    Mean surrogate loss: -0.0145
                      Mean entropy loss: 37.1957
                            Mean reward: -3.32
                    Mean episode length: 42.39
                        Mean action std: 0.87
   Curriculum/command_vel/ang_vel_z_max: 0.5000
        Episode_Reward/angular_momentum: -0.0209
               Metrics/peak_height_mean: 0.0163
       Episode_Reward/foot_swing_height: -0.0034
          Episode_Reward/action_rate_l2: -0.1716
        Episode_Metrics/mean_action_acc: 1.5542
   Curriculum/command_vel/lin_vel_x_min: -1.0000
  Episode_Reward/track_angular_velocity: 0.0007
             Metrics/twist/error_vel_xy: 0.0879
                Episode_Reward/air_time: 0.0000
          Metrics/angular_momentum_mean: 3.9943
                    Episode_Reward/pose: 0.0119
            Episode_Reward/body_ang_vel: -0.0127
          Episode_Termination/fell_over: 199.8333
             Metrics/slip_velocity_mean: 0.4191
          Episode_Reward/dof_pos_limits: -0.0013
               Episode_Reward/foot_slip: -0.0014
   Episode_Reward/track_linear_velocity: 0.0167
   Curriculum/command_vel/ang_vel_z_min: -0.5000
                 Episode_Reward/upright: 0.0295
            Metrics/twist/error_vel_yaw: 0.2347
            Episode_Reward/soft_landing: -0.0000
   Curriculum/command_vel/lin_vel_y_max: 1.0000
          Episode_Reward/foot_clearance: -0.0068
   Curriculum/command_vel/lin_vel_x_max: 1.0000
         Episode_Reward/self_collisions: -0.0083
           Episode_Termination/time_out: 0.0000
   Curriculum/command_vel/lin_vel_y_min: -1.0000
             Metrics/landing_force_mean: 252.6258
--------------------------------------------------------------------------------
                         Iteration time: 1.13s
                           Time elapsed: 0:00:30
                                    ETA: 9:50:12

################################################################################
[1m                          Learning iteration 26/30000                           [0m 

                               Run name: seed0
                            Total steps: 5308416 
                       Steps per second: 175305 
                        Collection time: 0.924s 
                          Learning time: 0.197s 
                        Mean value loss: 0.0419
                    Mean surrogate loss: -0.0143
                      Mean entropy loss: 37.0061
                            Mean reward: -3.08
                    Mean episode length: 39.93
                        Mean action std: 0.86
   Curriculum/command_vel/ang_vel_z_max: 0.5000
        Episode_Reward/angular_momentum: -0.0206
               Metrics/peak_height_mean: 0.0172
       Episode_Reward/foot_swing_height: -0.0032
          Episode_Reward/action_rate_l2: -0.1595
        Episode_Metrics/mean_action_acc: 1.5366
   Curriculum/command_vel/lin_vel_x_min: -1.0000
  Episode_Reward/track_angular_velocity: 0.0007
             Metrics/twist/error_vel_xy: 0.0847
                Episode_Reward/air_time: 0.0000
          Metrics/angular_momentum_mean: 4.0940
                    Episode_Reward/pose: 0.0113
            Episode_Reward/body_ang_vel: -0.0121
          Episode_Termination/fell_over: 210.0833
             Metrics/slip_velocity_mean: 0.4230
          Episode_Reward/dof_pos_limits: -0.0013
               Episode_Reward/foot_slip: -0.0013
   Episode_Reward/track_linear_velocity: 0.0148
   Curriculum/command_vel/ang_vel_z_min: -0.5000
                 Episode_Reward/upright: 0.0285
            Metrics/twist/error_vel_yaw: 0.2217
            Episode_Reward/soft_landing: -0.0000
   Curriculum/command_vel/lin_vel_y_max: 1.0000
          Episode_Reward/foot_clearance: -0.0066
   Curriculum/command_vel/lin_vel_x_max: 1.0000
         Episode_Reward/self_collisions: -0.0081
           Episode_Termination/time_out: 0.0000
   Curriculum/command_vel/lin_vel_y_min: -1.0000
             Metrics/landing_force_mean: 256.3221
--------------------------------------------------------------------------------
                         Iteration time: 1.12s
                           Time elapsed: 0:00:31
                                    ETA: 9:49:05

################################################################################
[1m                          Learning iteration 27/30000                           [0m 

                               Run name: seed0
                            Total steps: 5505024 
                       Steps per second: 175696 
                        Collection time: 0.921s 
                          Learning time: 0.198s 
                        Mean value loss: 0.0388
                    Mean surrogate loss: -0.0138
                      Mean entropy loss: 36.8389
                            Mean reward: -3.02
                    Mean episode length: 39.67
                        Mean action std: 0.86
   Curriculum/command_vel/ang_vel_z_max: 0.5000
        Episode_Reward/angular_momentum: -0.0202
               Metrics/peak_height_mean: 0.0179
       Episode_Reward/foot_swing_height: -0.0029
          Episode_Reward/action_rate_l2: -0.1482
        Episode_Metrics/mean_action_acc: 1.5188
   Curriculum/command_vel/lin_vel_x_min: -1.0000
  Episode_Reward/track_angular_velocity: 0.0006
             Metrics/twist/error_vel_xy: 0.0802
                Episode_Reward/air_time: 0.0000
          Metrics/angular_momentum_mean: 4.1754
                    Episode_Reward/pose: 0.0106
            Episode_Reward/body_ang_vel: -0.0115
          Episode_Termination/fell_over: 217.8750
             Metrics/slip_velocity_mean: 0.4247
          Episode_Reward/dof_pos_limits: -0.0012
               Episode_Reward/foot_slip: -0.0012
   Episode_Reward/track_linear_velocity: 0.0137
   Curriculum/command_vel/ang_vel_z_min: -0.5000
                 Episode_Reward/upright: 0.0273
            Metrics/twist/error_vel_yaw: 0.2094
            Episode_Reward/soft_landing: -0.0000
   Curriculum/command_vel/lin_vel_y_max: 1.0000
          Episode_Reward/foot_clearance: -0.0063
   Curriculum/command_vel/lin_vel_x_max: 1.0000
         Episode_Reward/self_collisions: -0.0077
           Episode_Termination/time_out: 0.0000
   Curriculum/command_vel/lin_vel_y_min: -1.0000
             Metrics/landing_force_mean: 259.0072
--------------------------------------------------------------------------------
                         Iteration time: 1.12s
                           Time elapsed: 0:00:32
                                    ETA: 9:47:59

################################################################################
[1m                          Learning iteration 28/30000                           [0m 

                               Run name: seed0
                            Total steps: 5701632 
                       Steps per second: 176918 
                        Collection time: 0.914s 
                          Learning time: 0.198s 
                        Mean value loss: 0.0356
                    Mean surrogate loss: -0.0141
                      Mean entropy loss: 36.6631
                            Mean reward: -2.68
                    Mean episode length: 36.47
                        Mean action std: 0.85
   Curriculum/command_vel/ang_vel_z_max: 0.5000
        Episode_Reward/angular_momentum: -0.0197
               Metrics/peak_height_mean: 0.0187
       Episode_Reward/foot_swing_height: -0.0027
          Episode_Reward/action_rate_l2: -0.1385
        Episode_Metrics/mean_action_acc: 1.5014
   Curriculum/command_vel/lin_vel_x_min: -1.0000
  Episode_Reward/track_angular_velocity: 0.0006
             Metrics/twist/error_vel_xy: 0.0770
                Episode_Reward/air_time: 0.0000
          Metrics/angular_momentum_mean: 4.2202
                    Episode_Reward/pose: 0.0101
            Episode_Reward/body_ang_vel: -0.0110
          Episode_Termination/fell_over: 228.7500
             Metrics/slip_velocity_mean: 0.4283
          Episode_Reward/dof_pos_limits: -0.0012
               Episode_Reward/foot_slip: -0.0012
   Episode_Reward/track_linear_velocity: 0.0125
   Curriculum/command_vel/ang_vel_z_min: -0.5000
                 Episode_Reward/upright: 0.0262
            Metrics/twist/error_vel_yaw: 0.1998
            Episode_Reward/soft_landing: -0.0000
   Curriculum/command_vel/lin_vel_y_max: 1.0000
          Episode_Reward/foot_clearance: -0.0061
   Curriculum/command_vel/lin_vel_x_max: 1.0000
         Episode_Reward/self_collisions: -0.0073
           Episode_Termination/time_out: 0.0000
   Curriculum/command_vel/lin_vel_y_min: -1.0000
             Metrics/landing_force_mean: 263.7188
--------------------------------------------------------------------------------
                         Iteration time: 1.11s
                           Time elapsed: 0:00:34
                                    ETA: 9:46:50

################################################################################
[1m                          Learning iteration 29/30000                           [0m 

                               Run name: seed0
                            Total steps: 5898240 
                       Steps per second: 176908 
                        Collection time: 0.914s 
                          Learning time: 0.198s 
                        Mean value loss: 0.0329
                    Mean surrogate loss: -0.0143
                      Mean entropy loss: 36.4808
                            Mean reward: -2.57
                    Mean episode length: 35.14
                        Mean action std: 0.85
   Curriculum/command_vel/ang_vel_z_max: 0.5000
        Episode_Reward/angular_momentum: -0.0191
               Metrics/peak_height_mean: 0.0194
       Episode_Reward/foot_swing_height: -0.0025
          Episode_Reward/action_rate_l2: -0.1315
        Episode_Metrics/mean_action_acc: 1.4862
   Curriculum/command_vel/lin_vel_x_min: -1.0000
  Episode_Reward/track_angular_velocity: 0.0005
             Metrics/twist/error_vel_xy: 0.0735
                Episode_Reward/air_time: 0.0000
          Metrics/angular_momentum_mean: 4.2546
                    Episode_Reward/pose: 0.0098
            Episode_Reward/body_ang_vel: -0.0106
          Episode_Termination/fell_over: 232.9167
             Metrics/slip_velocity_mean: 0.4309
          Episode_Reward/dof_pos_limits: -0.0012
               Episode_Reward/foot_slip: -0.0011
   Episode_Reward/track_linear_velocity: 0.0120
   Curriculum/command_vel/ang_vel_z_min: -0.5000
                 Episode_Reward/upright: 0.0256
            Metrics/twist/error_vel_yaw: 0.1931
            Episode_Reward/soft_landing: -0.0000
   Curriculum/command_vel/lin_vel_y_max: 1.0000
          Episode_Reward/foot_clearance: -0.0059
   Curriculum/command_vel/lin_vel_x_max: 1.0000
         Episode_Reward/self_collisions: -0.0068
           Episode_Termination/time_out: 0.0000
   Curriculum/command_vel/lin_vel_y_min: -1.0000
             Metrics/landing_force_mean: 266.9868
--------------------------------------------------------------------------------
                         Iteration time: 1.11s
                           Time elapsed: 0:00:35
                                    ETA: 9:45:45

################################################################################
[1m                          Learning iteration 30/30000                           [0m 

                               Run name: seed0
                            Total steps: 6094848 
                       Steps per second: 177360 
                        Collection time: 0.911s 
                          Learning time: 0.198s 
                        Mean value loss: 0.0311
                    Mean surrogate loss: -0.0142
                      Mean entropy loss: 36.2993
                            Mean reward: -2.35
                    Mean episode length: 33.40
                        Mean action std: 0.84
   Curriculum/command_vel/ang_vel_z_max: 0.5000
        Episode_Reward/angular_momentum: -0.0181
               Metrics/peak_height_mean: 0.0202
       Episode_Reward/foot_swing_height: -0.0024
          Episode_Reward/action_rate_l2: -0.1242
        Episode_Metrics/mean_action_acc: 1.4706
   Curriculum/command_vel/lin_vel_x_min: -1.0000
  Episode_Reward/track_angular_velocity: 0.0005
             Metrics/twist/error_vel_xy: 0.0694
                Episode_Reward/air_time: 0.0000
          Metrics/angular_momentum_mean: 4.2696
                    Episode_Reward/pose: 0.0095
            Episode_Reward/body_ang_vel: -0.0103
          Episode_Termination/fell_over: 246.5833
             Metrics/slip_velocity_mean: 0.4320
          Episode_Reward/dof_pos_limits: -0.0012
               Episode_Reward/foot_slip: -0.0011
   Episode_Reward/track_linear_velocity: 0.0117
   Curriculum/command_vel/ang_vel_z_min: -0.5000
                 Episode_Reward/upright: 0.0247
            Metrics/twist/error_vel_yaw: 0.1868
            Episode_Reward/soft_landing: -0.0000
   Curriculum/command_vel/lin_vel_y_max: 1.0000
          Episode_Reward/foot_clearance: -0.0058
   Curriculum/command_vel/lin_vel_x_max: 1.0000
         Episode_Reward/self_collisions: -0.0061
           Episode_Termination/time_out: 0.0000
   Curriculum/command_vel/lin_vel_y_min: -1.0000
             Metrics/landing_force_mean: 269.8951
--------------------------------------------------------------------------------
                         Iteration time: 1.11s
                           Time elapsed: 0:00:36
                                    ETA: 9:44:42

################################################################################
[1m                          Learning iteration 31/30000                           [0m 

                               Run name: seed0
                            Total steps: 6291456 
                       Steps per second: 177773 
                        Collection time: 0.908s 
                          Learning time: 0.198s 
                        Mean value loss: 0.0298
                    Mean surrogate loss: -0.0147
                      Mean entropy loss: 36.1263
                            Mean reward: -2.20
                    Mean episode length: 31.67
                        Mean action std: 0.84
   Curriculum/command_vel/ang_vel_z_max: 0.5000
        Episode_Reward/angular_momentum: -0.0174
               Metrics/peak_height_mean: 0.0204
       Episode_Reward/foot_swing_height: -0.0022
          Episode_Reward/action_rate_l2: -0.1175
        Episode_Metrics/mean_action_acc: 1.4556
   Curriculum/command_vel/lin_vel_x_min: -1.0000
  Episode_Reward/track_angular_velocity: 0.0005
             Metrics/twist/error_vel_xy: 0.0654
                Episode_Reward/air_time: 0.0000
          Metrics/angular_momentum_mean: 4.2638
                    Episode_Reward/pose: 0.0090
            Episode_Reward/body_ang_vel: -0.0099
          Episode_Termination/fell_over: 251.8750
             Metrics/slip_velocity_mean: 0.4309
          Episode_Reward/dof_pos_limits: -0.0011
               Episode_Reward/foot_slip: -0.0010
   Episode_Reward/track_linear_velocity: 0.0114
   Curriculum/command_vel/ang_vel_z_min: -0.5000
                 Episode_Reward/upright: 0.0239
            Metrics/twist/error_vel_yaw: 0.1805
            Episode_Reward/soft_landing: -0.0000
   Curriculum/command_vel/lin_vel_y_max: 1.0000
          Episode_Reward/foot_clearance: -0.0056
   Curriculum/command_vel/lin_vel_x_max: 1.0000
         Episode_Reward/self_collisions: -0.0054
           Episode_Termination/time_out: 0.0000
   Curriculum/command_vel/lin_vel_y_min: -1.0000
             Metrics/landing_force_mean: 272.7321
--------------------------------------------------------------------------------
                         Iteration time: 1.11s
                           Time elapsed: 0:00:37
                                    ETA: 9:43:40

################################################################################
[1m                          Learning iteration 32/30000                           [0m 

                               Run name: seed0
                            Total steps: 6488064 
                       Steps per second: 178134 
                        Collection time: 0.906s 
                          Learning time: 0.198s 
                        Mean value loss: 0.0282
                    Mean surrogate loss: -0.0144
                      Mean entropy loss: 35.9882
                            Mean reward: -2.03
                    Mean episode length: 29.98
                        Mean action std: 0.84
   Curriculum/command_vel/ang_vel_z_max: 0.5000
        Episode_Reward/angular_momentum: -0.0165
               Metrics/peak_height_mean: 0.0211
       Episode_Reward/foot_swing_height: -0.0021
          Episode_Reward/action_rate_l2: -0.1117
        Episode_Metrics/mean_action_acc: 1.4398
   Curriculum/command_vel/lin_vel_x_min: -1.0000
  Episode_Reward/track_angular_velocity: 0.0005
             Metrics/twist/error_vel_xy: 0.0630
                Episode_Reward/air_time: 0.0000
          Metrics/angular_momentum_mean: 4.2693
                    Episode_Reward/pose: 0.0088
            Episode_Reward/body_ang_vel: -0.0096
          Episode_Termination/fell_over: 262.0833
             Metrics/slip_velocity_mean: 0.4320
          Episode_Reward/dof_pos_limits: -0.0011
               Episode_Reward/foot_slip: -0.0010
   Episode_Reward/track_linear_velocity: 0.0110
   Curriculum/command_vel/ang_vel_z_min: -0.5000
                 Episode_Reward/upright: 0.0232
            Metrics/twist/error_vel_yaw: 0.1742
            Episode_Reward/soft_landing: -0.0000
   Curriculum/command_vel/lin_vel_y_max: 1.0000
          Episode_Reward/foot_clearance: -0.0055
   Curriculum/command_vel/lin_vel_x_max: 1.0000
         Episode_Reward/self_collisions: -0.0048
           Episode_Termination/time_out: 0.0000
   Curriculum/command_vel/lin_vel_y_min: -1.0000
             Metrics/landing_force_mean: 276.6568
--------------------------------------------------------------------------------
                         Iteration time: 1.10s
                           Time elapsed: 0:00:38
                                    ETA: 9:42:40

################################################################################
[1m                          Learning iteration 33/30000                           [0m 

                               Run name: seed0
                            Total steps: 6684672 
                       Steps per second: 178602 
                        Collection time: 0.903s 
                          Learning time: 0.198s 
                        Mean value loss: 0.0270
                    Mean surrogate loss: -0.0124
                      Mean entropy loss: 35.8866
                            Mean reward: -1.99
                    Mean episode length: 30.49
                        Mean action std: 0.83
   Curriculum/command_vel/ang_vel_z_max: 0.5000
        Episode_Reward/angular_momentum: -0.0156
               Metrics/peak_height_mean: 0.0217
       Episode_Reward/foot_swing_height: -0.0019
          Episode_Reward/action_rate_l2: -0.1055
        Episode_Metrics/mean_action_acc: 1.4260
   Curriculum/command_vel/lin_vel_x_min: -1.0000
  Episode_Reward/track_angular_velocity: 0.0004
             Metrics/twist/error_vel_xy: 0.0595
                Episode_Reward/air_time: 0.0000
          Metrics/angular_momentum_mean: 4.2513
                    Episode_Reward/pose: 0.0083
            Episode_Reward/body_ang_vel: -0.0093
          Episode_Termination/fell_over: 273.9167
             Metrics/slip_velocity_mean: 0.4328
          Episode_Reward/dof_pos_limits: -0.0011
               Episode_Reward/foot_slip: -0.0010
   Episode_Reward/track_linear_velocity: 0.0106
   Curriculum/command_vel/ang_vel_z_min: -0.5000
                 Episode_Reward/upright: 0.0223
            Metrics/twist/error_vel_yaw: 0.1671
            Episode_Reward/soft_landing: -0.0000
   Curriculum/command_vel/lin_vel_y_max: 1.0000
          Episode_Reward/foot_clearance: -0.0052
   Curriculum/command_vel/lin_vel_x_max: 1.0000
         Episode_Reward/self_collisions: -0.0042
           Episode_Termination/time_out: 0.0000
   Curriculum/command_vel/lin_vel_y_min: -1.0000
             Metrics/landing_force_mean: 281.6102
--------------------------------------------------------------------------------
                         Iteration time: 1.10s
                           Time elapsed: 0:00:39
                                    ETA: 9:41:41

################################################################################
[1m                          Learning iteration 34/30000                           [0m 

                               Run name: seed0
                            Total steps: 6881280 
                       Steps per second: 179004 
                        Collection time: 0.901s 
                          Learning time: 0.198s 
                        Mean value loss: 0.0253
                    Mean surrogate loss: -0.0110
                      Mean entropy loss: 35.8260
                            Mean reward: -1.94
                    Mean episode length: 30.02
                        Mean action std: 0.83
   Curriculum/command_vel/ang_vel_z_max: 0.5000
        Episode_Reward/angular_momentum: -0.0149
               Metrics/peak_height_mean: 0.0220
       Episode_Reward/foot_swing_height: -0.0018
          Episode_Reward/action_rate_l2: -0.1006
        Episode_Metrics/mean_action_acc: 1.4155
   Curriculum/command_vel/lin_vel_x_min: -1.0000
  Episode_Reward/track_angular_velocity: 0.0004
             Metrics/twist/error_vel_xy: 0.0565
                Episode_Reward/air_time: 0.0000
          Metrics/angular_momentum_mean: 4.2568
                    Episode_Reward/pose: 0.0082
            Episode_Reward/body_ang_vel: -0.0092
          Episode_Termination/fell_over: 281.2917
             Metrics/slip_velocity_mean: 0.4332
          Episode_Reward/dof_pos_limits: -0.0011
               Episode_Reward/foot_slip: -0.0009
   Episode_Reward/track_linear_velocity: 0.0103
   Curriculum/command_vel/ang_vel_z_min: -0.5000
                 Episode_Reward/upright: 0.0216
            Metrics/twist/error_vel_yaw: 0.1629
            Episode_Reward/soft_landing: -0.0000
   Curriculum/command_vel/lin_vel_y_max: 1.0000
          Episode_Reward/foot_clearance: -0.0052
   Curriculum/command_vel/lin_vel_x_max: 1.0000
         Episode_Reward/self_collisions: -0.0037
           Episode_Termination/time_out: 0.0000
   Curriculum/command_vel/lin_vel_y_min: -1.0000
             Metrics/landing_force_mean: 285.3162
--------------------------------------------------------------------------------
                         Iteration time: 1.10s
                           Time elapsed: 0:00:40
                                    ETA: 9:40:43

################################################################################
[1m                          Learning iteration 35/30000                           [0m 

                               Run name: seed0
                            Total steps: 7077888 
                       Steps per second: 179126 
                        Collection time: 0.899s 
                          Learning time: 0.198s 
                        Mean value loss: 0.0241
                    Mean surrogate loss: -0.0105
                      Mean entropy loss: 35.7690
                            Mean reward: -1.80
                    Mean episode length: 27.16
                        Mean action std: 0.83
   Curriculum/command_vel/ang_vel_z_max: 0.5000
        Episode_Reward/angular_momentum: -0.0143
               Metrics/peak_height_mean: 0.0232
       Episode_Reward/foot_swing_height: -0.0017
          Episode_Reward/action_rate_l2: -0.0964
        Episode_Metrics/mean_action_acc: 1.4087
   Curriculum/command_vel/lin_vel_x_min: -1.0000
  Episode_Reward/track_angular_velocity: 0.0004
             Metrics/twist/error_vel_xy: 0.0540
                Episode_Reward/air_time: 0.0000
          Metrics/angular_momentum_mean: 4.2586
                    Episode_Reward/pose: 0.0078
            Episode_Reward/body_ang_vel: -0.0090
          Episode_Termination/fell_over: 291.1667
             Metrics/slip_velocity_mean: 0.4372
          Episode_Reward/dof_pos_limits: -0.0010
               Episode_Reward/foot_slip: -0.0009
   Episode_Reward/track_linear_velocity: 0.0102
   Curriculum/command_vel/ang_vel_z_min: -0.5000
                 Episode_Reward/upright: 0.0208
            Metrics/twist/error_vel_yaw: 0.1574
            Episode_Reward/soft_landing: -0.0000
   Curriculum/command_vel/lin_vel_y_max: 1.0000
          Episode_Reward/foot_clearance: -0.0050
   Curriculum/command_vel/lin_vel_x_max: 1.0000
         Episode_Reward/self_collisions: -0.0033
           Episode_Termination/time_out: 0.0000
   Curriculum/command_vel/lin_vel_y_min: -1.0000
             Metrics/landing_force_mean: 290.5757
--------------------------------------------------------------------------------
                         Iteration time: 1.10s
                           Time elapsed: 0:00:41
                                    ETA: 9:39:48

################################################################################
[1m                          Learning iteration 36/30000                           [0m 

                               Run name: seed0
                            Total steps: 7274496 
                       Steps per second: 178851 
                        Collection time: 0.902s 
                          Learning time: 0.197s 
                        Mean value loss: 0.0239
                    Mean surrogate loss: -0.0095
                      Mean entropy loss: 35.7158
                            Mean reward: -1.68
                    Mean episode length: 27.10
                        Mean action std: 0.83
   Curriculum/command_vel/ang_vel_z_max: 0.5000
        Episode_Reward/angular_momentum: -0.0135
               Metrics/peak_height_mean: 0.0235
       Episode_Reward/foot_swing_height: -0.0016
          Episode_Reward/action_rate_l2: -0.0918
        Episode_Metrics/mean_action_acc: 1.4008
   Curriculum/command_vel/lin_vel_x_min: -1.0000
  Episode_Reward/track_angular_velocity: 0.0003
             Metrics/twist/error_vel_xy: 0.0512
                Episode_Reward/air_time: 0.0000
          Metrics/angular_momentum_mean: 4.2367
                    Episode_Reward/pose: 0.0076
            Episode_Reward/body_ang_vel: -0.0088
          Episode_Termination/fell_over: 307.1667
             Metrics/slip_velocity_mean: 0.4368
          Episode_Reward/dof_pos_limits: -0.0010
               Episode_Reward/foot_slip: -0.0008
   Episode_Reward/track_linear_velocity: 0.0098
   Curriculum/command_vel/ang_vel_z_min: -0.5000
                 Episode_Reward/upright: 0.0199
            Metrics/twist/error_vel_yaw: 0.1511
            Episode_Reward/soft_landing: -0.0000
   Curriculum/command_vel/lin_vel_y_max: 1.0000
          Episode_Reward/foot_clearance: -0.0048
   Curriculum/command_vel/lin_vel_x_max: 1.0000
         Episode_Reward/self_collisions: -0.0029
           Episode_Termination/time_out: 0.0000
   Curriculum/command_vel/lin_vel_y_min: -1.0000
             Metrics/landing_force_mean: 295.6471
--------------------------------------------------------------------------------
                         Iteration time: 1.10s
                           Time elapsed: 0:00:42
                                    ETA: 9:38:56

################################################################################
[1m                          Learning iteration 37/30000                           [0m 

                               Run name: seed0
                            Total steps: 7471104 
                       Steps per second: 179755 
                        Collection time: 0.895s 
                          Learning time: 0.198s 
                        Mean value loss: 0.0229
                    Mean surrogate loss: -0.0090
                      Mean entropy loss: 35.6612
                            Mean reward: -1.68
                    Mean episode length: 26.27
                        Mean action std: 0.83
   Curriculum/command_vel/ang_vel_z_max: 0.5000
        Episode_Reward/angular_momentum: -0.0127
               Metrics/peak_height_mean: 0.0247
       Episode_Reward/foot_swing_height: -0.0015
          Episode_Reward/action_rate_l2: -0.0871
        Episode_Metrics/mean_action_acc: 1.3927
   Curriculum/command_vel/lin_vel_x_min: -1.0000
  Episode_Reward/track_angular_velocity: 0.0003
             Metrics/twist/error_vel_xy: 0.0482
                Episode_Reward/air_time: 0.0000
          Metrics/angular_momentum_mean: 4.2375
                    Episode_Reward/pose: 0.0072
            Episode_Reward/body_ang_vel: -0.0086
          Episode_Termination/fell_over: 319.2083
             Metrics/slip_velocity_mean: 0.4426
          Episode_Reward/dof_pos_limits: -0.0009
               Episode_Reward/foot_slip: -0.0008
   Episode_Reward/track_linear_velocity: 0.0096
   Curriculum/command_vel/ang_vel_z_min: -0.5000
                 Episode_Reward/upright: 0.0189
            Metrics/twist/error_vel_yaw: 0.1447
            Episode_Reward/soft_landing: -0.0000
   Curriculum/command_vel/lin_vel_y_max: 1.0000
          Episode_Reward/foot_clearance: -0.0047
   Curriculum/command_vel/lin_vel_x_max: 1.0000
         Episode_Reward/self_collisions: -0.0024
           Episode_Termination/time_out: 0.0000
   Curriculum/command_vel/lin_vel_y_min: -1.0000
             Metrics/landing_force_mean: 301.9502
--------------------------------------------------------------------------------
                         Iteration time: 1.09s
                           Time elapsed: 0:00:43
                                    ETA: 9:38:04

################################################################################
[1m                          Learning iteration 38/30000                           [0m 

                               Run name: seed0
                            Total steps: 7667712 
                       Steps per second: 180522 
                        Collection time: 0.892s 
                          Learning time: 0.198s 
                        Mean value loss: 0.0218
                    Mean surrogate loss: -0.0098
                      Mean entropy loss: 35.6115
                            Mean reward: -1.47
                    Mean episode length: 23.68
                        Mean action std: 0.83
   Curriculum/command_vel/ang_vel_z_max: 0.5000
        Episode_Reward/angular_momentum: -0.0120
               Metrics/peak_height_mean: 0.0259
       Episode_Reward/foot_swing_height: -0.0014
          Episode_Reward/action_rate_l2: -0.0821
        Episode_Metrics/mean_action_acc: 1.3858
   Curriculum/command_vel/lin_vel_x_min: -1.0000
  Episode_Reward/track_angular_velocity: 0.0003
             Metrics/twist/error_vel_xy: 0.0454
                Episode_Reward/air_time: 0.0000
          Metrics/angular_momentum_mean: 4.2535
                    Episode_Reward/pose: 0.0068
            Episode_Reward/body_ang_vel: -0.0084
          Episode_Termination/fell_over: 340.2083
             Metrics/slip_velocity_mean: 0.4472
          Episode_Reward/dof_pos_limits: -0.0009
               Episode_Reward/foot_slip: -0.0008
   Episode_Reward/track_linear_velocity: 0.0091
   Curriculum/command_vel/ang_vel_z_min: -0.5000
                 Episode_Reward/upright: 0.0179
            Metrics/twist/error_vel_yaw: 0.1377
            Episode_Reward/soft_landing: -0.0000
   Curriculum/command_vel/lin_vel_y_max: 1.0000
          Episode_Reward/foot_clearance: -0.0045
   Curriculum/command_vel/lin_vel_x_max: 1.0000
         Episode_Reward/self_collisions: -0.0020
           Episode_Termination/time_out: 0.0000
   Curriculum/command_vel/lin_vel_y_min: -1.0000
             Metrics/landing_force_mean: 307.6957
--------------------------------------------------------------------------------
                         Iteration time: 1.09s
                           Time elapsed: 0:00:45
                                    ETA: 9:37:10

################################################################################
[1m                          Learning iteration 39/30000                           [0m 

                               Run name: seed0
                            Total steps: 7864320 
                       Steps per second: 180719 
                        Collection time: 0.890s 
                          Learning time: 0.198s 
                        Mean value loss: 0.0205
                    Mean surrogate loss: -0.0113
                      Mean entropy loss: 35.5533
                            Mean reward: -1.47
                    Mean episode length: 23.61
                        Mean action std: 0.82
   Curriculum/command_vel/ang_vel_z_max: 0.5000
        Episode_Reward/angular_momentum: -0.0116
               Metrics/peak_height_mean: 0.0267
       Episode_Reward/foot_swing_height: -0.0013
          Episode_Reward/action_rate_l2: -0.0778
        Episode_Metrics/mean_action_acc: 1.3779
   Curriculum/command_vel/lin_vel_x_min: -1.0000
  Episode_Reward/track_angular_velocity: 0.0003
             Metrics/twist/error_vel_xy: 0.0429
                Episode_Reward/air_time: 0.0000
          Metrics/angular_momentum_mean: 4.2475
                    Episode_Reward/pose: 0.0065
            Episode_Reward/body_ang_vel: -0.0082
          Episode_Termination/fell_over: 350.3750
             Metrics/slip_velocity_mean: 0.4511
          Episode_Reward/dof_pos_limits: -0.0008
               Episode_Reward/foot_slip: -0.0007
   Episode_Reward/track_linear_velocity: 0.0089
   Curriculum/command_vel/ang_vel_z_min: -0.5000
                 Episode_Reward/upright: 0.0169
            Metrics/twist/error_vel_yaw: 0.1320
            Episode_Reward/soft_landing: -0.0000
   Curriculum/command_vel/lin_vel_y_max: 1.0000
          Episode_Reward/foot_clearance: -0.0043
   Curriculum/command_vel/lin_vel_x_max: 1.0000
         Episode_Reward/self_collisions: -0.0018
           Episode_Termination/time_out: 0.0000
   Curriculum/command_vel/lin_vel_y_min: -1.0000
             Metrics/landing_force_mean: 313.4575
--------------------------------------------------------------------------------
                         Iteration time: 1.09s
                           Time elapsed: 0:00:46
                                    ETA: 9:36:18

################################################################################
[1m                          Learning iteration 40/30000                           [0m 

                               Run name: seed0
                            Total steps: 8060928 
                       Steps per second: 180854 
                        Collection time: 0.889s 
                          Learning time: 0.198s 
                        Mean value loss: 0.0194
                    Mean surrogate loss: -0.0106
                      Mean entropy loss: 35.5089
                            Mean reward: -1.41
                    Mean episode length: 22.85
                        Mean action std: 0.82
   Curriculum/command_vel/ang_vel_z_max: 0.5000
        Episode_Reward/angular_momentum: -0.0110
               Metrics/peak_height_mean: 0.0276
       Episode_Reward/foot_swing_height: -0.0012
          Episode_Reward/action_rate_l2: -0.0747
        Episode_Metrics/mean_action_acc: 1.3711
   Curriculum/command_vel/lin_vel_x_min: -1.0000
  Episode_Reward/track_angular_velocity: 0.0002
             Metrics/twist/error_vel_xy: 0.0418
                Episode_Reward/air_time: 0.0000
          Metrics/angular_momentum_mean: 4.2552
                    Episode_Reward/pose: 0.0062
            Episode_Reward/body_ang_vel: -0.0081
          Episode_Termination/fell_over: 365.3333
             Metrics/slip_velocity_mean: 0.4588
          Episode_Reward/dof_pos_limits: -0.0008
               Episode_Reward/foot_slip: -0.0007
   Episode_Reward/track_linear_velocity: 0.0084
   Curriculum/command_vel/ang_vel_z_min: -0.5000
                 Episode_Reward/upright: 0.0162
            Metrics/twist/error_vel_yaw: 0.1272
            Episode_Reward/soft_landing: -0.0000
   Curriculum/command_vel/lin_vel_y_max: 1.0000
          Episode_Reward/foot_clearance: -0.0042
   Curriculum/command_vel/lin_vel_x_max: 1.0000
         Episode_Reward/self_collisions: -0.0016
           Episode_Termination/time_out: 0.0000
   Curriculum/command_vel/lin_vel_y_min: -1.0000
             Metrics/landing_force_mean: 317.7144
--------------------------------------------------------------------------------
                         Iteration time: 1.09s
                           Time elapsed: 0:00:47
                                    ETA: 9:35:28

################################################################################
[1m                          Learning iteration 41/30000                           [0m 

                               Run name: seed0
                            Total steps: 8257536 
                       Steps per second: 181725 
                        Collection time: 0.884s 
                          Learning time: 0.198s 
                        Mean value loss: 0.0187
                    Mean surrogate loss: -0.0108
                      Mean entropy loss: 35.4680
                            Mean reward: -1.36
                    Mean episode length: 21.99
                        Mean action std: 0.82
   Curriculum/command_vel/ang_vel_z_max: 0.5000
        Episode_Reward/angular_momentum: -0.0108
               Metrics/peak_height_mean: 0.0290
       Episode_Reward/foot_swing_height: -0.0011
          Episode_Reward/action_rate_l2: -0.0709
        Episode_Metrics/mean_action_acc: 1.3632
   Curriculum/command_vel/lin_vel_x_min: -1.0000
  Episode_Reward/track_angular_velocity: 0.0002
             Metrics/twist/error_vel_xy: 0.0393
                Episode_Reward/air_time: 0.0000
          Metrics/angular_momentum_mean: 4.2873
                    Episode_Reward/pose: 0.0059
            Episode_Reward/body_ang_vel: -0.0078
          Episode_Termination/fell_over: 380.4583
             Metrics/slip_velocity_mean: 0.4670
          Episode_Reward/dof_pos_limits: -0.0007
               Episode_Reward/foot_slip: -0.0007
   Episode_Reward/track_linear_velocity: 0.0083
   Curriculum/command_vel/ang_vel_z_min: -0.5000
                 Episode_Reward/upright: 0.0154
            Metrics/twist/error_vel_yaw: 0.1219
            Episode_Reward/soft_landing: -0.0000
   Curriculum/command_vel/lin_vel_y_max: 1.0000
          Episode_Reward/foot_clearance: -0.0040
   Curriculum/command_vel/lin_vel_x_max: 1.0000
         Episode_Reward/self_collisions: -0.0014
           Episode_Termination/time_out: 0.0000
   Curriculum/command_vel/lin_vel_y_min: -1.0000
             Metrics/landing_force_mean: 323.2750
--------------------------------------------------------------------------------
                         Iteration time: 1.08s
                           Time elapsed: 0:00:48
                                    ETA: 9:34:36

################################################################################
[1m                          Learning iteration 42/30000                           [0m 

                               Run name: seed0
                            Total steps: 8454144 
                       Steps per second: 182181 
                        Collection time: 0.882s 
                          Learning time: 0.197s 
                        Mean value loss: 0.0177
                    Mean surrogate loss: -0.0100
                      Mean entropy loss: 35.4321
                            Mean reward: -1.28
                    Mean episode length: 20.78
                        Mean action std: 0.82
   Curriculum/command_vel/ang_vel_z_max: 0.5000
        Episode_Reward/angular_momentum: -0.0102
               Metrics/peak_height_mean: 0.0299
       Episode_Reward/foot_swing_height: -0.0011
          Episode_Reward/action_rate_l2: -0.0678
        Episode_Metrics/mean_action_acc: 1.3578
   Curriculum/command_vel/lin_vel_x_min: -1.0000
  Episode_Reward/track_angular_velocity: 0.0002
             Metrics/twist/error_vel_xy: 0.0377
                Episode_Reward/air_time: 0.0000
          Metrics/angular_momentum_mean: 4.2776
                    Episode_Reward/pose: 0.0056
            Episode_Reward/body_ang_vel: -0.0077
          Episode_Termination/fell_over: 395.0417
             Metrics/slip_velocity_mean: 0.4705
          Episode_Reward/dof_pos_limits: -0.0007
               Episode_Reward/foot_slip: -0.0006
   Episode_Reward/track_linear_velocity: 0.0079
   Curriculum/command_vel/ang_vel_z_min: -0.5000
                 Episode_Reward/upright: 0.0146
            Metrics/twist/error_vel_yaw: 0.1165
            Episode_Reward/soft_landing: -0.0000
   Curriculum/command_vel/lin_vel_y_max: 1.0000
          Episode_Reward/foot_clearance: -0.0039
   Curriculum/command_vel/lin_vel_x_max: 1.0000
         Episode_Reward/self_collisions: -0.0013
           Episode_Termination/time_out: 0.0000
   Curriculum/command_vel/lin_vel_y_min: -1.0000
             Metrics/landing_force_mean: 326.5107
--------------------------------------------------------------------------------
                         Iteration time: 1.08s
                           Time elapsed: 0:00:49
                                    ETA: 9:33:45

################################################################################
[1m                          Learning iteration 43/30000                           [0m 

                               Run name: seed0
                            Total steps: 8650752 
                       Steps per second: 182564 
                        Collection time: 0.879s 
                          Learning time: 0.198s 
                        Mean value loss: 0.0171
                    Mean surrogate loss: -0.0088
                      Mean entropy loss: 35.3950
                            Mean reward: -1.16
                    Mean episode length: 19.38
                        Mean action std: 0.82
   Curriculum/command_vel/ang_vel_z_max: 0.5000
        Episode_Reward/angular_momentum: -0.0097
               Metrics/peak_height_mean: 0.0310
       Episode_Reward/foot_swing_height: -0.0010
          Episode_Reward/action_rate_l2: -0.0644
        Episode_Metrics/mean_action_acc: 1.3505
   Curriculum/command_vel/lin_vel_x_min: -1.0000
  Episode_Reward/track_angular_velocity: 0.0002
             Metrics/twist/error_vel_xy: 0.0361
                Episode_Reward/air_time: 0.0000
          Metrics/angular_momentum_mean: 4.2703
                    Episode_Reward/pose: 0.0054
            Episode_Reward/body_ang_vel: -0.0076
          Episode_Termination/fell_over: 412.1250
             Metrics/slip_velocity_mean: 0.4759
          Episode_Reward/dof_pos_limits: -0.0007
               Episode_Reward/foot_slip: -0.0006
   Episode_Reward/track_linear_velocity: 0.0075
   Curriculum/command_vel/ang_vel_z_min: -0.5000
                 Episode_Reward/upright: 0.0138
            Metrics/twist/error_vel_yaw: 0.1104
            Episode_Reward/soft_landing: -0.0000
   Curriculum/command_vel/lin_vel_y_max: 1.0000
          Episode_Reward/foot_clearance: -0.0037
   Curriculum/command_vel/lin_vel_x_max: 1.0000
         Episode_Reward/self_collisions: -0.0010
           Episode_Termination/time_out: 0.0000
   Curriculum/command_vel/lin_vel_y_min: -1.0000
             Metrics/landing_force_mean: 330.2415
--------------------------------------------------------------------------------
                         Iteration time: 1.08s
                           Time elapsed: 0:00:50
                                    ETA: 9:32:55

################################################################################
[1m                          Learning iteration 44/30000                           [0m 

                               Run name: seed0
                            Total steps: 8847360 
                       Steps per second: 182517 
                        Collection time: 0.879s 
                          Learning time: 0.198s 
                        Mean value loss: 0.0159
                    Mean surrogate loss: -0.0084
                      Mean entropy loss: 35.3568
                            Mean reward: -1.14
                    Mean episode length: 18.44
                        Mean action std: 0.82
   Curriculum/command_vel/ang_vel_z_max: 0.5000
        Episode_Reward/angular_momentum: -0.0093
               Metrics/peak_height_mean: 0.0315
       Episode_Reward/foot_swing_height: -0.0009
          Episode_Reward/action_rate_l2: -0.0613
        Episode_Metrics/mean_action_acc: 1.3454
   Curriculum/command_vel/lin_vel_x_min: -1.0000
  Episode_Reward/track_angular_velocity: 0.0002
             Metrics/twist/error_vel_xy: 0.0345
                Episode_Reward/air_time: 0.0000
          Metrics/angular_momentum_mean: 4.2620
                    Episode_Reward/pose: 0.0051
            Episode_Reward/body_ang_vel: -0.0076
          Episode_Termination/fell_over: 430.5000
             Metrics/slip_velocity_mean: 0.4840
          Episode_Reward/dof_pos_limits: -0.0006
               Episode_Reward/foot_slip: -0.0006
   Episode_Reward/track_linear_velocity: 0.0071
   Curriculum/command_vel/ang_vel_z_min: -0.5000
                 Episode_Reward/upright: 0.0132
            Metrics/twist/error_vel_yaw: 0.1043
            Episode_Reward/soft_landing: -0.0000
   Curriculum/command_vel/lin_vel_y_max: 1.0000
          Episode_Reward/foot_clearance: -0.0035
   Curriculum/command_vel/lin_vel_x_max: 1.0000
         Episode_Reward/self_collisions: -0.0009
           Episode_Termination/time_out: 0.0000
   Curriculum/command_vel/lin_vel_y_min: -1.0000
             Metrics/landing_force_mean: 332.2027
--------------------------------------------------------------------------------
                         Iteration time: 1.08s
                           Time elapsed: 0:00:51
                                    ETA: 9:32:07

################################################################################
[1m                          Learning iteration 45/30000                           [0m 

                               Run name: seed0
                            Total steps: 9043968 
                       Steps per second: 183605 
                        Collection time: 0.873s 
                          Learning time: 0.198s 
                        Mean value loss: 0.0149
                    Mean surrogate loss: -0.0090
                      Mean entropy loss: 35.3216
                            Mean reward: -1.10
                    Mean episode length: 17.97
                        Mean action std: 0.82
   Curriculum/command_vel/ang_vel_z_max: 0.5000
        Episode_Reward/angular_momentum: -0.0089
               Metrics/peak_height_mean: 0.0319
       Episode_Reward/foot_swing_height: -0.0009
          Episode_Reward/action_rate_l2: -0.0586
        Episode_Metrics/mean_action_acc: 1.3399
   Curriculum/command_vel/lin_vel_x_min: -1.0000
  Episode_Reward/track_angular_velocity: 0.0002
             Metrics/twist/error_vel_xy: 0.0332
                Episode_Reward/air_time: 0.0000
          Metrics/angular_momentum_mean: 4.2477
                    Episode_Reward/pose: 0.0049
            Episode_Reward/body_ang_vel: -0.0075
          Episode_Termination/fell_over: 451.2500
             Metrics/slip_velocity_mean: 0.4921
          Episode_Reward/dof_pos_limits: -0.0006
               Episode_Reward/foot_slip: -0.0006
   Episode_Reward/track_linear_velocity: 0.0068
   Curriculum/command_vel/ang_vel_z_min: -0.5000
                 Episode_Reward/upright: 0.0126
            Metrics/twist/error_vel_yaw: 0.0994
            Episode_Reward/soft_landing: -0.0000
   Curriculum/command_vel/lin_vel_y_max: 1.0000
          Episode_Reward/foot_clearance: -0.0034
   Curriculum/command_vel/lin_vel_x_max: 1.0000
         Episode_Reward/self_collisions: -0.0008
           Episode_Termination/time_out: 0.0000
   Curriculum/command_vel/lin_vel_y_min: -1.0000
             Metrics/landing_force_mean: 334.8806
--------------------------------------------------------------------------------
                         Iteration time: 1.07s
                           Time elapsed: 0:00:52
                                    ETA: 9:31:17

################################################################################
[1m                          Learning iteration 46/30000                           [0m 

                               Run name: seed0
                            Total steps: 9240576 
                       Steps per second: 184114 
                        Collection time: 0.870s 
                          Learning time: 0.197s 
                        Mean value loss: 0.0141
                    Mean surrogate loss: -0.0094
                      Mean entropy loss: 35.2868
                            Mean reward: -1.07
                    Mean episode length: 17.62
                        Mean action std: 0.82
   Curriculum/command_vel/ang_vel_z_max: 0.5000
        Episode_Reward/angular_momentum: -0.0085
               Metrics/peak_height_mean: 0.0326
       Episode_Reward/foot_swing_height: -0.0008
          Episode_Reward/action_rate_l2: -0.0560
        Episode_Metrics/mean_action_acc: 1.3349
   Curriculum/command_vel/lin_vel_x_min: -1.0000
  Episode_Reward/track_angular_velocity: 0.0002
             Metrics/twist/error_vel_xy: 0.0314
                Episode_Reward/air_time: 0.0000
          Metrics/angular_momentum_mean: 4.2253
                    Episode_Reward/pose: 0.0046
            Episode_Reward/body_ang_vel: -0.0075
          Episode_Termination/fell_over: 464.2500
             Metrics/slip_velocity_mean: 0.4983
          Episode_Reward/dof_pos_limits: -0.0006
               Episode_Reward/foot_slip: -0.0006
   Episode_Reward/track_linear_velocity: 0.0066
   Curriculum/command_vel/ang_vel_z_min: -0.5000
                 Episode_Reward/upright: 0.0120
            Metrics/twist/error_vel_yaw: 0.0943
            Episode_Reward/soft_landing: -0.0000
   Curriculum/command_vel/lin_vel_y_max: 1.0000
          Episode_Reward/foot_clearance: -0.0032
   Curriculum/command_vel/lin_vel_x_max: 1.0000
         Episode_Reward/self_collisions: -0.0006
           Episode_Termination/time_out: 0.0000
   Curriculum/command_vel/lin_vel_y_min: -1.0000
             Metrics/landing_force_mean: 335.6777
--------------------------------------------------------------------------------
                         Iteration time: 1.07s
                           Time elapsed: 0:00:53
                                    ETA: 9:30:27

################################################################################
[1m                          Learning iteration 47/30000                           [0m 

                               Run name: seed0
                            Total steps: 9437184 
                       Steps per second: 183539 
                        Collection time: 0.874s 
                          Learning time: 0.197s 
                        Mean value loss: 0.0132
                    Mean surrogate loss: -0.0106
                      Mean entropy loss: 35.2486
                            Mean reward: -1.06
                    Mean episode length: 17.17
                        Mean action std: 0.82
   Curriculum/command_vel/ang_vel_z_max: 0.5000
        Episode_Reward/angular_momentum: -0.0082
               Metrics/peak_height_mean: 0.0329
       Episode_Reward/foot_swing_height: -0.0008
          Episode_Reward/action_rate_l2: -0.0540
        Episode_Metrics/mean_action_acc: 1.3306
   Curriculum/command_vel/lin_vel_x_min: -1.0000
  Episode_Reward/track_angular_velocity: 0.0001
             Metrics/twist/error_vel_xy: 0.0304
                Episode_Reward/air_time: 0.0000
          Metrics/angular_momentum_mean: 4.2122
                    Episode_Reward/pose: 0.0045
            Episode_Reward/body_ang_vel: -0.0074
          Episode_Termination/fell_over: 484.7917
             Metrics/slip_velocity_mean: 0.5027
          Episode_Reward/dof_pos_limits: -0.0006
               Episode_Reward/foot_slip: -0.0005
   Episode_Reward/track_linear_velocity: 0.0063
   Curriculum/command_vel/ang_vel_z_min: -0.5000
                 Episode_Reward/upright: 0.0115
            Metrics/twist/error_vel_yaw: 0.0909
            Episode_Reward/soft_landing: -0.0000
   Curriculum/command_vel/lin_vel_y_max: 1.0000
          Episode_Reward/foot_clearance: -0.0031
   Curriculum/command_vel/lin_vel_x_max: 1.0000
         Episode_Reward/self_collisions: -0.0006
           Episode_Termination/time_out: 0.0000
   Curriculum/command_vel/lin_vel_y_min: -1.0000
             Metrics/landing_force_mean: 336.0602
--------------------------------------------------------------------------------
                         Iteration time: 1.07s
                           Time elapsed: 0:00:54
                                    ETA: 9:29:41

################################################################################
[1m                          Learning iteration 48/30000                           [0m 

                               Run name: seed0
                            Total steps: 9633792 
                       Steps per second: 184002 
                        Collection time: 0.871s 
                          Learning time: 0.198s 
                        Mean value loss: 0.0126
                    Mean surrogate loss: -0.0117
                      Mean entropy loss: 35.2047
                            Mean reward: -1.05
                    Mean episode length: 16.59
                        Mean action std: 0.81
   Curriculum/command_vel/ang_vel_z_max: 0.5000
        Episode_Reward/angular_momentum: -0.0079
               Metrics/peak_height_mean: 0.0330
       Episode_Reward/foot_swing_height: -0.0008
          Episode_Reward/action_rate_l2: -0.0522
        Episode_Metrics/mean_action_acc: 1.3244
   Curriculum/command_vel/lin_vel_x_min: -1.0000
  Episode_Reward/track_angular_velocity: 0.0001
             Metrics/twist/error_vel_xy: 0.0298
                Episode_Reward/air_time: 0.0000
          Metrics/angular_momentum_mean: 4.1598
                    Episode_Reward/pose: 0.0043
            Episode_Reward/body_ang_vel: -0.0074
          Episode_Termination/fell_over: 493.8333
             Metrics/slip_velocity_mean: 0.5070
          Episode_Reward/dof_pos_limits: -0.0006
               Episode_Reward/foot_slip: -0.0005
   Episode_Reward/track_linear_velocity: 0.0059
   Curriculum/command_vel/ang_vel_z_min: -0.5000
                 Episode_Reward/upright: 0.0111
            Metrics/twist/error_vel_yaw: 0.0881
            Episode_Reward/soft_landing: -0.0000
   Curriculum/command_vel/lin_vel_y_max: 1.0000
          Episode_Reward/foot_clearance: -0.0030
   Curriculum/command_vel/lin_vel_x_max: 1.0000
         Episode_Reward/self_collisions: -0.0005
           Episode_Termination/time_out: 0.0000
   Curriculum/command_vel/lin_vel_y_min: -1.0000
             Metrics/landing_force_mean: 335.4854
--------------------------------------------------------------------------------
                         Iteration time: 1.07s
                           Time elapsed: 0:00:55
                                    ETA: 9:28:55

################################################################################
[1m                          Learning iteration 49/30000                           [0m 

                               Run name: seed0
                            Total steps: 9830400 
                       Steps per second: 184291 
                        Collection time: 0.869s 
                          Learning time: 0.198s 
                        Mean value loss: 0.0120
                    Mean surrogate loss: -0.0099
                      Mean entropy loss: 35.1567
                            Mean reward: -0.98
                    Mean episode length: 16.10
                        Mean action std: 0.81
   Curriculum/command_vel/ang_vel_z_max: 0.5000
        Episode_Reward/angular_momentum: -0.0074
               Metrics/peak_height_mean: 0.0325
       Episode_Reward/foot_swing_height: -0.0008
          Episode_Reward/action_rate_l2: -0.0504
        Episode_Metrics/mean_action_acc: 1.3163
   Curriculum/command_vel/lin_vel_x_min: -1.0000
  Episode_Reward/track_angular_velocity: 0.0001
             Metrics/twist/error_vel_xy: 0.0289
                Episode_Reward/air_time: 0.0000
          Metrics/angular_momentum_mean: 4.1004
                    Episode_Reward/pose: 0.0042
            Episode_Reward/body_ang_vel: -0.0074
          Episode_Termination/fell_over: 507.7500
             Metrics/slip_velocity_mean: 0.5097
          Episode_Reward/dof_pos_limits: -0.0006
               Episode_Reward/foot_slip: -0.0005
   Episode_Reward/track_linear_velocity: 0.0057
   Curriculum/command_vel/ang_vel_z_min: -0.5000
                 Episode_Reward/upright: 0.0108
            Metrics/twist/error_vel_yaw: 0.0857
            Episode_Reward/soft_landing: -0.0000
   Curriculum/command_vel/lin_vel_y_max: 1.0000
          Episode_Reward/foot_clearance: -0.0029
   Curriculum/command_vel/lin_vel_x_max: 1.0000
         Episode_Reward/self_collisions: -0.0005
           Episode_Termination/time_out: 0.0000
   Curriculum/command_vel/lin_vel_y_min: -1.0000
             Metrics/landing_force_mean: 334.2269
--------------------------------------------------------------------------------
                         Iteration time: 1.07s
                           Time elapsed: 0:00:56
                                    ETA: 9:28:11

################################################################################
[1m                          Learning iteration 50/30000                           [0m 

                               Run name: seed0
                            Total steps: 10027008 
                       Steps per second: 184240 
                        Collection time: 0.869s 
                          Learning time: 0.198s 
                        Mean value loss: 0.0114
                    Mean surrogate loss: -0.0099
                      Mean entropy loss: 35.1243
                            Mean reward: -0.97
                    Mean episode length: 15.66
                        Mean action std: 0.81
   Curriculum/command_vel/ang_vel_z_max: 0.5000
        Episode_Reward/angular_momentum: -0.0071
               Metrics/peak_height_mean: 0.0323
       Episode_Reward/foot_swing_height: -0.0008
          Episode_Reward/action_rate_l2: -0.0489
        Episode_Metrics/mean_action_acc: 1.3120
   Curriculum/command_vel/lin_vel_x_min: -1.0000
  Episode_Reward/track_angular_velocity: 0.0001
             Metrics/twist/error_vel_xy: 0.0279
                Episode_Reward/air_time: 0.0000
          Metrics/angular_momentum_mean: 4.0513
                    Episode_Reward/pose: 0.0040
            Episode_Reward/body_ang_vel: -0.0074
          Episode_Termination/fell_over: 522.4584
             Metrics/slip_velocity_mean: 0.5119
          Episode_Reward/dof_pos_limits: -0.0006
               Episode_Reward/foot_slip: -0.0005
   Episode_Reward/track_linear_velocity: 0.0055
   Curriculum/command_vel/ang_vel_z_min: -0.5000
                 Episode_Reward/upright: 0.0105
            Metrics/twist/error_vel_yaw: 0.0832
            Episode_Reward/soft_landing: -0.0000
   Curriculum/command_vel/lin_vel_y_max: 1.0000
          Episode_Reward/foot_clearance: -0.0028
   Curriculum/command_vel/lin_vel_x_max: 1.0000
         Episode_Reward/self_collisions: -0.0004
           Episode_Termination/time_out: 0.0000
   Curriculum/command_vel/lin_vel_y_min: -1.0000
             Metrics/landing_force_mean: 335.5248
--------------------------------------------------------------------------------
                         Iteration time: 1.07s
                           Time elapsed: 0:00:57
                                    ETA: 9:27:28

################################################################################
[1m                          Learning iteration 51/30000                           [0m 

                               Run name: seed0
                            Total steps: 10223616 
                       Steps per second: 184078 
                        Collection time: 0.870s 
                          Learning time: 0.198s 
                        Mean value loss: 0.0107
                    Mean surrogate loss: -0.0113
                      Mean entropy loss: 35.0756
                            Mean reward: -0.94
                    Mean episode length: 15.31
                        Mean action std: 0.81
   Curriculum/command_vel/ang_vel_z_max: 0.5000
        Episode_Reward/angular_momentum: -0.0068
               Metrics/peak_height_mean: 0.0318
       Episode_Reward/foot_swing_height: -0.0007
          Episode_Reward/action_rate_l2: -0.0475
        Episode_Metrics/mean_action_acc: 1.3059
   Curriculum/command_vel/lin_vel_x_min: -1.0000
  Episode_Reward/track_angular_velocity: 0.0001
             Metrics/twist/error_vel_xy: 0.0273
                Episode_Reward/air_time: 0.0000
          Metrics/angular_momentum_mean: 4.0017
                    Episode_Reward/pose: 0.0039
            Episode_Reward/body_ang_vel: -0.0073
          Episode_Termination/fell_over: 531.0834
             Metrics/slip_velocity_mean: 0.5162
          Episode_Reward/dof_pos_limits: -0.0005
               Episode_Reward/foot_slip: -0.0005
   Episode_Reward/track_linear_velocity: 0.0053
   Curriculum/command_vel/ang_vel_z_min: -0.5000
                 Episode_Reward/upright: 0.0102
            Metrics/twist/error_vel_yaw: 0.0810
            Episode_Reward/soft_landing: -0.0000
   Curriculum/command_vel/lin_vel_y_max: 1.0000
          Episode_Reward/foot_clearance: -0.0028
   Curriculum/command_vel/lin_vel_x_max: 1.0000
         Episode_Reward/self_collisions: -0.0004
           Episode_Termination/time_out: 0.0000
   Curriculum/command_vel/lin_vel_y_min: -1.0000
             Metrics/landing_force_mean: 332.5324
--------------------------------------------------------------------------------
                         Iteration time: 1.07s
                           Time elapsed: 0:00:59
                                    ETA: 9:26:47

################################################################################
[1m                          Learning iteration 52/30000                           [0m 

                               Run name: seed0
                            Total steps: 10420224 
                       Steps per second: 184230 
                        Collection time: 0.869s 
                          Learning time: 0.198s 
                        Mean value loss: 0.0099
                    Mean surrogate loss: -0.0114
                      Mean entropy loss: 35.0018
                            Mean reward: -0.91
                    Mean episode length: 15.08
                        Mean action std: 0.81
   Curriculum/command_vel/ang_vel_z_max: 0.5000
        Episode_Reward/angular_momentum: -0.0064
               Metrics/peak_height_mean: 0.0315
       Episode_Reward/foot_swing_height: -0.0007
          Episode_Reward/action_rate_l2: -0.0461
        Episode_Metrics/mean_action_acc: 1.2997
   Curriculum/command_vel/lin_vel_x_min: -1.0000
  Episode_Reward/track_angular_velocity: 0.0001
             Metrics/twist/error_vel_xy: 0.0268
                Episode_Reward/air_time: 0.0000
          Metrics/angular_momentum_mean: 3.9014
                    Episode_Reward/pose: 0.0038
            Episode_Reward/body_ang_vel: -0.0073
          Episode_Termination/fell_over: 548.5000
             Metrics/slip_velocity_mean: 0.5174
          Episode_Reward/dof_pos_limits: -0.0005
               Episode_Reward/foot_slip: -0.0005
   Episode_Reward/track_linear_velocity: 0.0050
   Curriculum/command_vel/ang_vel_z_min: -0.5000
                 Episode_Reward/upright: 0.0099
            Metrics/twist/error_vel_yaw: 0.0786
            Episode_Reward/soft_landing: -0.0000
   Curriculum/command_vel/lin_vel_y_max: 1.0000
          Episode_Reward/foot_clearance: -0.0027
   Curriculum/command_vel/lin_vel_x_max: 1.0000
         Episode_Reward/self_collisions: -0.0003
           Episode_Termination/time_out: 0.0000
   Curriculum/command_vel/lin_vel_y_min: -1.0000
             Metrics/landing_force_mean: 333.2274
--------------------------------------------------------------------------------
                         Iteration time: 1.07s
                           Time elapsed: 0:01:00
                                    ETA: 9:26:07

################################################################################
[1m                          Learning iteration 53/30000                           [0m 

                               Run name: seed0
                            Total steps: 10616832 
                       Steps per second: 184742 
                        Collection time: 0.867s 
                          Learning time: 0.197s 
                        Mean value loss: 0.0094
                    Mean surrogate loss: -0.0082
                      Mean entropy loss: 34.9516
                            Mean reward: -0.89
                    Mean episode length: 14.44
                        Mean action std: 0.81
   Curriculum/command_vel/ang_vel_z_max: 0.5000
        Episode_Reward/angular_momentum: -0.0060
               Metrics/peak_height_mean: 0.0312
       Episode_Reward/foot_swing_height: -0.0007
          Episode_Reward/action_rate_l2: -0.0445
        Episode_Metrics/mean_action_acc: 1.2916
   Curriculum/command_vel/lin_vel_x_min: -1.0000
  Episode_Reward/track_angular_velocity: 0.0001
             Metrics/twist/error_vel_xy: 0.0259
                Episode_Reward/air_time: 0.0000
          Metrics/angular_momentum_mean: 3.8377
                    Episode_Reward/pose: 0.0037
            Episode_Reward/body_ang_vel: -0.0073
          Episode_Termination/fell_over: 559.3750
             Metrics/slip_velocity_mean: 0.5217
          Episode_Reward/dof_pos_limits: -0.0005
               Episode_Reward/foot_slip: -0.0005
   Episode_Reward/track_linear_velocity: 0.0048
   Curriculum/command_vel/ang_vel_z_min: -0.5000
                 Episode_Reward/upright: 0.0097
            Metrics/twist/error_vel_yaw: 0.0764
            Episode_Reward/soft_landing: -0.0000
   Curriculum/command_vel/lin_vel_y_max: 1.0000
          Episode_Reward/foot_clearance: -0.0026
   Curriculum/command_vel/lin_vel_x_max: 1.0000
         Episode_Reward/self_collisions: -0.0003
           Episode_Termination/time_out: 0.0000
   Curriculum/command_vel/lin_vel_y_min: -1.0000
             Metrics/landing_force_mean: 333.4781
--------------------------------------------------------------------------------
                         Iteration time: 1.06s
                           Time elapsed: 0:01:01
                                    ETA: 9:25:27

################################################################################
[1m                          Learning iteration 54/30000                           [0m 

                               Run name: seed0
                            Total steps: 10813440 
                       Steps per second: 184737 
                        Collection time: 0.867s 
                          Learning time: 0.198s 
                        Mean value loss: 0.0088
                    Mean surrogate loss: -0.0090
                      Mean entropy loss: 34.9103
                            Mean reward: -0.86
                    Mean episode length: 14.14
                        Mean action std: 0.81
   Curriculum/command_vel/ang_vel_z_max: 0.5000
        Episode_Reward/angular_momentum: -0.0057
               Metrics/peak_height_mean: 0.0310
       Episode_Reward/foot_swing_height: -0.0007
          Episode_Reward/action_rate_l2: -0.0434
        Episode_Metrics/mean_action_acc: 1.2871
   Curriculum/command_vel/lin_vel_x_min: -1.0000
  Episode_Reward/track_angular_velocity: 0.0001
             Metrics/twist/error_vel_xy: 0.0256
                Episode_Reward/air_time: 0.0000
          Metrics/angular_momentum_mean: 3.7764
                    Episode_Reward/pose: 0.0036
            Episode_Reward/body_ang_vel: -0.0073
          Episode_Termination/fell_over: 572.4584
             Metrics/slip_velocity_mean: 0.5235
          Episode_Reward/dof_pos_limits: -0.0005
               Episode_Reward/foot_slip: -0.0005
   Episode_Reward/track_linear_velocity: 0.0045
   Curriculum/command_vel/ang_vel_z_min: -0.5000
                 Episode_Reward/upright: 0.0095
            Metrics/twist/error_vel_yaw: 0.0742
            Episode_Reward/soft_landing: -0.0000
   Curriculum/command_vel/lin_vel_y_max: 1.0000
          Episode_Reward/foot_clearance: -0.0025
   Curriculum/command_vel/lin_vel_x_max: 1.0000
         Episode_Reward/self_collisions: -0.0003
           Episode_Termination/time_out: 0.0000
   Curriculum/command_vel/lin_vel_y_min: -1.0000
             Metrics/landing_force_mean: 333.6651
--------------------------------------------------------------------------------
                         Iteration time: 1.06s
                           Time elapsed: 0:01:02
                                    ETA: 9:24:49

################################################################################
[1m                          Learning iteration 55/30000                           [0m 

                               Run name: seed0
                            Total steps: 11010048 
                       Steps per second: 184772 
                        Collection time: 0.867s 
                          Learning time: 0.197s 
                        Mean value loss: 0.0082
                    Mean surrogate loss: -0.0133
                      Mean entropy loss: 34.8165
                            Mean reward: -0.86
                    Mean episode length: 14.45
                        Mean action std: 0.80
   Curriculum/command_vel/ang_vel_z_max: 0.5000
        Episode_Reward/angular_momentum: -0.0054
               Metrics/peak_height_mean: 0.0309
       Episode_Reward/foot_swing_height: -0.0007
          Episode_Reward/action_rate_l2: -0.0423
        Episode_Metrics/mean_action_acc: 1.2785
   Curriculum/command_vel/lin_vel_x_min: -1.0000
  Episode_Reward/track_angular_velocity: 0.0001
             Metrics/twist/error_vel_xy: 0.0251
                Episode_Reward/air_time: 0.0000
          Metrics/angular_momentum_mean: 3.7143
                    Episode_Reward/pose: 0.0035
            Episode_Reward/body_ang_vel: -0.0073
          Episode_Termination/fell_over: 582.9584
             Metrics/slip_velocity_mean: 0.5249
          Episode_Reward/dof_pos_limits: -0.0005
               Episode_Reward/foot_slip: -0.0005
   Episode_Reward/track_linear_velocity: 0.0043
   Curriculum/command_vel/ang_vel_z_min: -0.5000
                 Episode_Reward/upright: 0.0093
            Metrics/twist/error_vel_yaw: 0.0722
            Episode_Reward/soft_landing: -0.0000
   Curriculum/command_vel/lin_vel_y_max: 1.0000
          Episode_Reward/foot_clearance: -0.0025
   Curriculum/command_vel/lin_vel_x_max: 1.0000
         Episode_Reward/self_collisions: -0.0003
           Episode_Termination/time_out: 0.0000
   Curriculum/command_vel/lin_vel_y_min: -1.0000
             Metrics/landing_force_mean: 331.0809
--------------------------------------------------------------------------------
                         Iteration time: 1.06s
                           Time elapsed: 0:01:03
                                    ETA: 9:24:11

################################################################################
[1m                          Learning iteration 56/30000                           [0m 

                               Run name: seed0
                            Total steps: 11206656 
                       Steps per second: 185646 
                        Collection time: 0.862s 
                          Learning time: 0.197s 
                        Mean value loss: 0.0076
                    Mean surrogate loss: -0.0122
                      Mean entropy loss: 34.7410
                            Mean reward: -0.80
                    Mean episode length: 13.95
                        Mean action std: 0.80
   Curriculum/command_vel/ang_vel_z_max: 0.5000
        Episode_Reward/angular_momentum: -0.0051
               Metrics/peak_height_mean: 0.0306
       Episode_Reward/foot_swing_height: -0.0007
          Episode_Reward/action_rate_l2: -0.0410
        Episode_Metrics/mean_action_acc: 1.2690
   Curriculum/command_vel/lin_vel_x_min: -1.0000
  Episode_Reward/track_angular_velocity: 0.0001
             Metrics/twist/error_vel_xy: 0.0246
                Episode_Reward/air_time: 0.0000
          Metrics/angular_momentum_mean: 3.6313
                    Episode_Reward/pose: 0.0034
            Episode_Reward/body_ang_vel: -0.0072
          Episode_Termination/fell_over: 594.4584
             Metrics/slip_velocity_mean: 0.5306
          Episode_Reward/dof_pos_limits: -0.0006
               Episode_Reward/foot_slip: -0.0005
   Episode_Reward/track_linear_velocity: 0.0041
   Curriculum/command_vel/ang_vel_z_min: -0.5000
                 Episode_Reward/upright: 0.0092
            Metrics/twist/error_vel_yaw: 0.0701
            Episode_Reward/soft_landing: -0.0000
   Curriculum/command_vel/lin_vel_y_max: 1.0000
          Episode_Reward/foot_clearance: -0.0024
   Curriculum/command_vel/lin_vel_x_max: 1.0000
         Episode_Reward/self_collisions: -0.0002
           Episode_Termination/time_out: 0.0000
   Curriculum/command_vel/lin_vel_y_min: -1.0000
             Metrics/landing_force_mean: 333.5421
--------------------------------------------------------------------------------
                         Iteration time: 1.06s
                           Time elapsed: 0:01:04
                                    ETA: 9:23:33

################################################################################
[1m                          Learning iteration 57/30000                           [0m 

                               Run name: seed0
                            Total steps: 11403264 
                       Steps per second: 184965 
                        Collection time: 0.865s 
                          Learning time: 0.198s 
                        Mean value loss: 0.0071
                    Mean surrogate loss: -0.0098
                      Mean entropy loss: 34.6722
                            Mean reward: -0.80
                    Mean episode length: 13.63
                        Mean action std: 0.80
   Curriculum/command_vel/ang_vel_z_max: 0.5000
        Episode_Reward/angular_momentum: -0.0048
               Metrics/peak_height_mean: 0.0305
       Episode_Reward/foot_swing_height: -0.0007
          Episode_Reward/action_rate_l2: -0.0397
        Episode_Metrics/mean_action_acc: 1.2618
   Curriculum/command_vel/lin_vel_x_min: -1.0000
  Episode_Reward/track_angular_velocity: 0.0001
             Metrics/twist/error_vel_xy: 0.0241
                Episode_Reward/air_time: 0.0000
          Metrics/angular_momentum_mean: 3.5307
                    Episode_Reward/pose: 0.0033
            Episode_Reward/body_ang_vel: -0.0072
          Episode_Termination/fell_over: 604.5834
             Metrics/slip_velocity_mean: 0.5316
          Episode_Reward/dof_pos_limits: -0.0006
               Episode_Reward/foot_slip: -0.0004
   Episode_Reward/track_linear_velocity: 0.0039
   Curriculum/command_vel/ang_vel_z_min: -0.5000
                 Episode_Reward/upright: 0.0090
            Metrics/twist/error_vel_yaw: 0.0668
            Episode_Reward/soft_landing: -0.0000
   Curriculum/command_vel/lin_vel_y_max: 1.0000
          Episode_Reward/foot_clearance: -0.0024
   Curriculum/command_vel/lin_vel_x_max: 1.0000
         Episode_Reward/self_collisions: -0.0002
           Episode_Termination/time_out: 0.0000
   Curriculum/command_vel/lin_vel_y_min: -1.0000
             Metrics/landing_force_mean: 333.9642
--------------------------------------------------------------------------------
                         Iteration time: 1.06s
                           Time elapsed: 0:01:05
                                    ETA: 9:22:57

################################################################################
[1m                          Learning iteration 58/30000                           [0m 

                               Run name: seed0
                            Total steps: 11599872 
                       Steps per second: 186197 
                        Collection time: 0.859s 
                          Learning time: 0.197s 
                        Mean value loss: 0.0068
                    Mean surrogate loss: -0.0095
                      Mean entropy loss: 34.6326
                            Mean reward: -0.78
                    Mean episode length: 13.27
                        Mean action std: 0.80
   Curriculum/command_vel/ang_vel_z_max: 0.5000
        Episode_Reward/angular_momentum: -0.0046
               Metrics/peak_height_mean: 0.0304
       Episode_Reward/foot_swing_height: -0.0006
          Episode_Reward/action_rate_l2: -0.0389
        Episode_Metrics/mean_action_acc: 1.2542
   Curriculum/command_vel/lin_vel_x_min: -1.0000
  Episode_Reward/track_angular_velocity: 0.0001
             Metrics/twist/error_vel_xy: 0.0239
                Episode_Reward/air_time: 0.0000
          Metrics/angular_momentum_mean: 3.4898
                    Episode_Reward/pose: 0.0033
            Episode_Reward/body_ang_vel: -0.0071
          Episode_Termination/fell_over: 614.2084
             Metrics/slip_velocity_mean: 0.5350
          Episode_Reward/dof_pos_limits: -0.0006
               Episode_Reward/foot_slip: -0.0005
   Episode_Reward/track_linear_velocity: 0.0037
   Curriculum/command_vel/ang_vel_z_min: -0.5000
                 Episode_Reward/upright: 0.0089
            Metrics/twist/error_vel_yaw: 0.0661
            Episode_Reward/soft_landing: -0.0000
   Curriculum/command_vel/lin_vel_y_max: 1.0000
          Episode_Reward/foot_clearance: -0.0023
   Curriculum/command_vel/lin_vel_x_max: 1.0000
         Episode_Reward/self_collisions: -0.0002
           Episode_Termination/time_out: 0.0000
   Curriculum/command_vel/lin_vel_y_min: -1.0000
             Metrics/landing_force_mean: 334.8892
--------------------------------------------------------------------------------
                         Iteration time: 1.06s
                           Time elapsed: 0:01:06
                                    ETA: 9:22:20

################################################################################
[1m                          Learning iteration 59/30000                           [0m 

                               Run name: seed0
                            Total steps: 11796480 
                       Steps per second: 186590 
                        Collection time: 0.856s 
                          Learning time: 0.198s 
                        Mean value loss: 0.0067
                    Mean surrogate loss: -0.0099
                      Mean entropy loss: 34.5837
                            Mean reward: -0.77
                    Mean episode length: 13.27
                        Mean action std: 0.80
   Curriculum/command_vel/ang_vel_z_max: 0.5000
        Episode_Reward/angular_momentum: -0.0044
               Metrics/peak_height_mean: 0.0306
       Episode_Reward/foot_swing_height: -0.0006
          Episode_Reward/action_rate_l2: -0.0380
        Episode_Metrics/mean_action_acc: 1.2476
   Curriculum/command_vel/lin_vel_x_min: -1.0000
  Episode_Reward/track_angular_velocity: 0.0001
             Metrics/twist/error_vel_xy: 0.0236
                Episode_Reward/air_time: 0.0000
          Metrics/angular_momentum_mean: 3.4383
                    Episode_Reward/pose: 0.0032
            Episode_Reward/body_ang_vel: -0.0070
          Episode_Termination/fell_over: 629.0000
             Metrics/slip_velocity_mean: 0.5390
          Episode_Reward/dof_pos_limits: -0.0006
               Episode_Reward/foot_slip: -0.0004
   Episode_Reward/track_linear_velocity: 0.0036
   Curriculum/command_vel/ang_vel_z_min: -0.5000
                 Episode_Reward/upright: 0.0088
            Metrics/twist/error_vel_yaw: 0.0647
            Episode_Reward/soft_landing: -0.0000
   Curriculum/command_vel/lin_vel_y_max: 1.0000
          Episode_Reward/foot_clearance: -0.0023
   Curriculum/command_vel/lin_vel_x_max: 1.0000
         Episode_Reward/self_collisions: -0.0002
           Episode_Termination/time_out: 0.0000
   Curriculum/command_vel/lin_vel_y_min: -1.0000
             Metrics/landing_force_mean: 337.9249
--------------------------------------------------------------------------------
                         Iteration time: 1.05s
                           Time elapsed: 0:01:07
                                    ETA: 9:21:42

################################################################################
[1m                          Learning iteration 60/30000                           [0m 

                               Run name: seed0
                            Total steps: 11993088 
                       Steps per second: 187086 
                        Collection time: 0.853s 
                          Learning time: 0.198s 
                        Mean value loss: 0.0065
                    Mean surrogate loss: -0.0087
                      Mean entropy loss: 34.5530
                            Mean reward: -0.75
                    Mean episode length: 13.00
                        Mean action std: 0.80
   Curriculum/command_vel/ang_vel_z_max: 0.5000
        Episode_Reward/angular_momentum: -0.0042
               Metrics/peak_height_mean: 0.0307
       Episode_Reward/foot_swing_height: -0.0006
          Episode_Reward/action_rate_l2: -0.0372
        Episode_Metrics/mean_action_acc: 1.2421
   Curriculum/command_vel/lin_vel_x_min: -1.0000
  Episode_Reward/track_angular_velocity: 0.0001
             Metrics/twist/error_vel_xy: 0.0234
                Episode_Reward/air_time: 0.0000
          Metrics/angular_momentum_mean: 3.4059
                    Episode_Reward/pose: 0.0031
            Episode_Reward/body_ang_vel: -0.0069
          Episode_Termination/fell_over: 635.6667
             Metrics/slip_velocity_mean: 0.5411
          Episode_Reward/dof_pos_limits: -0.0006
               Episode_Reward/foot_slip: -0.0004
   Episode_Reward/track_linear_velocity: 0.0035
   Curriculum/command_vel/ang_vel_z_min: -0.5000
                 Episode_Reward/upright: 0.0086
            Metrics/twist/error_vel_yaw: 0.0636
            Episode_Reward/soft_landing: -0.0000
   Curriculum/command_vel/lin_vel_y_max: 1.0000
          Episode_Reward/foot_clearance: -0.0022
   Curriculum/command_vel/lin_vel_x_max: 1.0000
         Episode_Reward/self_collisions: -0.0002
           Episode_Termination/time_out: 0.0000
   Curriculum/command_vel/lin_vel_y_min: -1.0000
             Metrics/landing_force_mean: 339.9692
--------------------------------------------------------------------------------
                         Iteration time: 1.05s
                           Time elapsed: 0:01:08
                                    ETA: 9:21:04

################################################################################
[1m                          Learning iteration 61/30000                           [0m 

                               Run name: seed0
                            Total steps: 12189696 
                       Steps per second: 188212 
                        Collection time: 0.847s 
                          Learning time: 0.198s 
                        Mean value loss: 0.0063
                    Mean surrogate loss: -0.0076
                      Mean entropy loss: 34.5198
                            Mean reward: -0.73
                    Mean episode length: 12.77
                        Mean action std: 0.80
   Curriculum/command_vel/ang_vel_z_max: 0.5000
        Episode_Reward/angular_momentum: -0.0041
               Metrics/peak_height_mean: 0.0312
       Episode_Reward/foot_swing_height: -0.0006
          Episode_Reward/action_rate_l2: -0.0365
        Episode_Metrics/mean_action_acc: 1.2378
   Curriculum/command_vel/lin_vel_x_min: -1.0000
  Episode_Reward/track_angular_velocity: 0.0001
             Metrics/twist/error_vel_xy: 0.0232
                Episode_Reward/air_time: 0.0000
          Metrics/angular_momentum_mean: 3.3557
                    Episode_Reward/pose: 0.0031
            Episode_Reward/body_ang_vel: -0.0069
          Episode_Termination/fell_over: 646.2084
             Metrics/slip_velocity_mean: 0.5468
          Episode_Reward/dof_pos_limits: -0.0006
               Episode_Reward/foot_slip: -0.0004
   Episode_Reward/track_linear_velocity: 0.0033
   Curriculum/command_vel/ang_vel_z_min: -0.5000
                 Episode_Reward/upright: 0.0085
            Metrics/twist/error_vel_yaw: 0.0619
            Episode_Reward/soft_landing: -0.0000
   Curriculum/command_vel/lin_vel_y_max: 1.0000
          Episode_Reward/foot_clearance: -0.0022
   Curriculum/command_vel/lin_vel_x_max: 1.0000
         Episode_Reward/self_collisions: -0.0002
           Episode_Termination/time_out: 0.0000
   Curriculum/command_vel/lin_vel_y_min: -1.0000
             Metrics/landing_force_mean: 344.6887
--------------------------------------------------------------------------------
                         Iteration time: 1.04s
                           Time elapsed: 0:01:09
                                    ETA: 9:20:24

################################################################################
[1m                          Learning iteration 62/30000                           [0m 

                               Run name: seed0
                            Total steps: 12386304 
                       Steps per second: 188719 
                        Collection time: 0.844s 
                          Learning time: 0.198s 
                        Mean value loss: 0.0060
                    Mean surrogate loss: -0.0081
                      Mean entropy loss: 34.4765
                            Mean reward: -0.70
                    Mean episode length: 12.37
                        Mean action std: 0.79
   Curriculum/command_vel/ang_vel_z_max: 0.5000
        Episode_Reward/angular_momentum: -0.0039
               Metrics/peak_height_mean: 0.0314
       Episode_Reward/foot_swing_height: -0.0005
          Episode_Reward/action_rate_l2: -0.0357
        Episode_Metrics/mean_action_acc: 1.2347
   Curriculum/command_vel/lin_vel_x_min: -1.0000
  Episode_Reward/track_angular_velocity: 0.0001
             Metrics/twist/error_vel_xy: 0.0229
                Episode_Reward/air_time: 0.0000
          Metrics/angular_momentum_mean: 3.2934
                    Episode_Reward/pose: 0.0030
            Episode_Reward/body_ang_vel: -0.0068
          Episode_Termination/fell_over: 658.9167
             Metrics/slip_velocity_mean: 0.5473
          Episode_Reward/dof_pos_limits: -0.0006
               Episode_Reward/foot_slip: -0.0004
   Episode_Reward/track_linear_velocity: 0.0032
   Curriculum/command_vel/ang_vel_z_min: -0.5000
                 Episode_Reward/upright: 0.0083
            Metrics/twist/error_vel_yaw: 0.0604
            Episode_Reward/soft_landing: -0.0000
   Curriculum/command_vel/lin_vel_y_max: 1.0000
          Episode_Reward/foot_clearance: -0.0021
   Curriculum/command_vel/lin_vel_x_max: 1.0000
         Episode_Reward/self_collisions: -0.0002
           Episode_Termination/time_out: 0.0000
   Curriculum/command_vel/lin_vel_y_min: -1.0000
             Metrics/landing_force_mean: 346.9308
--------------------------------------------------------------------------------
                         Iteration time: 1.04s
                           Time elapsed: 0:01:10
                                    ETA: 9:19:45

################################################################################
[1m                          Learning iteration 63/30000                           [0m 

                               Run name: seed0
                            Total steps: 12582912 
                       Steps per second: 189461 
                        Collection time: 0.840s 
                          Learning time: 0.197s 
                        Mean value loss: 0.0057
                    Mean surrogate loss: -0.0136
                      Mean entropy loss: 34.3795
                            Mean reward: -0.68
                    Mean episode length: 12.17
                        Mean action std: 0.79
   Curriculum/command_vel/ang_vel_z_max: 0.5000
        Episode_Reward/angular_momentum: -0.0037
               Metrics/peak_height_mean: 0.0318
       Episode_Reward/foot_swing_height: -0.0005
          Episode_Reward/action_rate_l2: -0.0350
        Episode_Metrics/mean_action_acc: 1.2267
   Curriculum/command_vel/lin_vel_x_min: -1.0000
  Episode_Reward/track_angular_velocity: 0.0001
             Metrics/twist/error_vel_xy: 0.0226
                Episode_Reward/air_time: 0.0000
          Metrics/angular_momentum_mean: 3.2481
                    Episode_Reward/pose: 0.0029
            Episode_Reward/body_ang_vel: -0.0067
          Episode_Termination/fell_over: 666.1667
             Metrics/slip_velocity_mean: 0.5507
          Episode_Reward/dof_pos_limits: -0.0006
               Episode_Reward/foot_slip: -0.0004
   Episode_Reward/track_linear_velocity: 0.0031
   Curriculum/command_vel/ang_vel_z_min: -0.5000
                 Episode_Reward/upright: 0.0083
            Metrics/twist/error_vel_yaw: 0.0592
            Episode_Reward/soft_landing: -0.0000
   Curriculum/command_vel/lin_vel_y_max: 1.0000
          Episode_Reward/foot_clearance: -0.0021
   Curriculum/command_vel/lin_vel_x_max: 1.0000
         Episode_Reward/self_collisions: -0.0002
           Episode_Termination/time_out: 0.0000
   Curriculum/command_vel/lin_vel_y_min: -1.0000
             Metrics/landing_force_mean: 351.2528
--------------------------------------------------------------------------------
                         Iteration time: 1.04s
                           Time elapsed: 0:01:11
                                    ETA: 9:19:04

################################################################################
[1m                          Learning iteration 64/30000                           [0m 

                               Run name: seed0
                            Total steps: 12779520 
                       Steps per second: 190177 
                        Collection time: 0.836s 
                          Learning time: 0.198s 
                        Mean value loss: 0.0053
                    Mean surrogate loss: -0.0159
                      Mean entropy loss: 34.2534
                            Mean reward: -0.67
                    Mean episode length: 12.01
                        Mean action std: 0.79
   Curriculum/command_vel/ang_vel_z_max: 0.5000
        Episode_Reward/angular_momentum: -0.0035
               Metrics/peak_height_mean: 0.0316
       Episode_Reward/foot_swing_height: -0.0005
          Episode_Reward/action_rate_l2: -0.0341
        Episode_Metrics/mean_action_acc: 1.2176
   Curriculum/command_vel/lin_vel_x_min: -1.0000
  Episode_Reward/track_angular_velocity: 0.0001
             Metrics/twist/error_vel_xy: 0.0224
                Episode_Reward/air_time: 0.0000
          Metrics/angular_momentum_mean: 3.1952
                    Episode_Reward/pose: 0.0029
            Episode_Reward/body_ang_vel: -0.0066
          Episode_Termination/fell_over: 675.5417
             Metrics/slip_velocity_mean: 0.5511
          Episode_Reward/dof_pos_limits: -0.0006
               Episode_Reward/foot_slip: -0.0004
   Episode_Reward/track_linear_velocity: 0.0031
   Curriculum/command_vel/ang_vel_z_min: -0.5000
                 Episode_Reward/upright: 0.0081
            Metrics/twist/error_vel_yaw: 0.0579
            Episode_Reward/soft_landing: -0.0000
   Curriculum/command_vel/lin_vel_y_max: 1.0000
          Episode_Reward/foot_clearance: -0.0020
   Curriculum/command_vel/lin_vel_x_max: 1.0000
         Episode_Reward/self_collisions: -0.0002
           Episode_Termination/time_out: 0.0000
   Curriculum/command_vel/lin_vel_y_min: -1.0000
             Metrics/landing_force_mean: 352.5709
--------------------------------------------------------------------------------
                         Iteration time: 1.03s
                           Time elapsed: 0:01:12
                                    ETA: 9:18:23

################################################################################
[1m                          Learning iteration 65/30000                           [0m 

                               Run name: seed0
                            Total steps: 12976128 
                       Steps per second: 190955 
                        Collection time: 0.832s 
                          Learning time: 0.198s 
                        Mean value loss: 0.0048
                    Mean surrogate loss: -0.0138
                      Mean entropy loss: 34.1091
                            Mean reward: -0.65
                    Mean episode length: 12.03
                        Mean action std: 0.78
   Curriculum/command_vel/ang_vel_z_max: 0.5000
        Episode_Reward/angular_momentum: -0.0034
               Metrics/peak_height_mean: 0.0320
       Episode_Reward/foot_swing_height: -0.0005
          Episode_Reward/action_rate_l2: -0.0332
        Episode_Metrics/mean_action_acc: 1.2065
   Curriculum/command_vel/lin_vel_x_min: -1.0000
  Episode_Reward/track_angular_velocity: 0.0001
             Metrics/twist/error_vel_xy: 0.0222
                Episode_Reward/air_time: 0.0000
          Metrics/angular_momentum_mean: 3.1647
                    Episode_Reward/pose: 0.0028
            Episode_Reward/body_ang_vel: -0.0065
          Episode_Termination/fell_over: 686.8334
             Metrics/slip_velocity_mean: 0.5520
          Episode_Reward/dof_pos_limits: -0.0007
               Episode_Reward/foot_slip: -0.0004
   Episode_Reward/track_linear_velocity: 0.0030
   Curriculum/command_vel/ang_vel_z_min: -0.5000
                 Episode_Reward/upright: 0.0081
            Metrics/twist/error_vel_yaw: 0.0573
            Episode_Reward/soft_landing: -0.0000
   Curriculum/command_vel/lin_vel_y_max: 1.0000
          Episode_Reward/foot_clearance: -0.0020
   Curriculum/command_vel/lin_vel_x_max: 1.0000
         Episode_Reward/self_collisions: -0.0001
           Episode_Termination/time_out: 0.0000
   Curriculum/command_vel/lin_vel_y_min: -1.0000
             Metrics/landing_force_mean: 355.9558
--------------------------------------------------------------------------------
                         Iteration time: 1.03s
                           Time elapsed: 0:01:13
                                    ETA: 9:17:41

################################################################################
[1m                          Learning iteration 66/30000                           [0m 

                               Run name: seed0
                            Total steps: 13172736 
                       Steps per second: 191757 
                        Collection time: 0.827s 
                          Learning time: 0.198s 
                        Mean value loss: 0.0046
                    Mean surrogate loss: -0.0121
                      Mean entropy loss: 34.0316
                            Mean reward: -0.62
                    Mean episode length: 11.81
                        Mean action std: 0.78
   Curriculum/command_vel/ang_vel_z_max: 0.5000
        Episode_Reward/angular_momentum: -0.0033
               Metrics/peak_height_mean: 0.0324
       Episode_Reward/foot_swing_height: -0.0005
          Episode_Reward/action_rate_l2: -0.0323
        Episode_Metrics/mean_action_acc: 1.1974
   Curriculum/command_vel/lin_vel_x_min: -1.0000
  Episode_Reward/track_angular_velocity: 0.0001
             Metrics/twist/error_vel_xy: 0.0218
                Episode_Reward/air_time: 0.0000
          Metrics/angular_momentum_mean: 3.1168
                    Episode_Reward/pose: 0.0028
            Episode_Reward/body_ang_vel: -0.0065
          Episode_Termination/fell_over: 698.3750
             Metrics/slip_velocity_mean: 0.5579
          Episode_Reward/dof_pos_limits: -0.0007
               Episode_Reward/foot_slip: -0.0004
   Episode_Reward/track_linear_velocity: 0.0029
   Curriculum/command_vel/ang_vel_z_min: -0.5000
                 Episode_Reward/upright: 0.0080
            Metrics/twist/error_vel_yaw: 0.0556
            Episode_Reward/soft_landing: -0.0000
   Curriculum/command_vel/lin_vel_y_max: 1.0000
          Episode_Reward/foot_clearance: -0.0019
   Curriculum/command_vel/lin_vel_x_max: 1.0000
         Episode_Reward/self_collisions: -0.0001
           Episode_Termination/time_out: 0.0000
   Curriculum/command_vel/lin_vel_y_min: -1.0000
             Metrics/landing_force_mean: 363.2157
--------------------------------------------------------------------------------
                         Iteration time: 1.03s
                           Time elapsed: 0:01:14
                                    ETA: 9:16:59

################################################################################
[1m                          Learning iteration 67/30000                           [0m 

                               Run name: seed0
                            Total steps: 13369344 
                       Steps per second: 192401 
                        Collection time: 0.824s 
                          Learning time: 0.198s 
                        Mean value loss: 0.0045
                    Mean surrogate loss: -0.0103
                      Mean entropy loss: 33.9771
                            Mean reward: -0.61
                    Mean episode length: 11.66
                        Mean action std: 0.78
   Curriculum/command_vel/ang_vel_z_max: 0.5000
        Episode_Reward/angular_momentum: -0.0031
               Metrics/peak_height_mean: 0.0325
       Episode_Reward/foot_swing_height: -0.0004
          Episode_Reward/action_rate_l2: -0.0317
        Episode_Metrics/mean_action_acc: 1.1909
   Curriculum/command_vel/lin_vel_x_min: -1.0000
  Episode_Reward/track_angular_velocity: 0.0001
             Metrics/twist/error_vel_xy: 0.0215
                Episode_Reward/air_time: 0.0000
          Metrics/angular_momentum_mean: 3.0671
                    Episode_Reward/pose: 0.0027
            Episode_Reward/body_ang_vel: -0.0064
          Episode_Termination/fell_over: 707.0834
             Metrics/slip_velocity_mean: 0.5565
          Episode_Reward/dof_pos_limits: -0.0007
               Episode_Reward/foot_slip: -0.0003
   Episode_Reward/track_linear_velocity: 0.0028
   Curriculum/command_vel/ang_vel_z_min: -0.5000
                 Episode_Reward/upright: 0.0079
            Metrics/twist/error_vel_yaw: 0.0551
            Episode_Reward/soft_landing: -0.0000
   Curriculum/command_vel/lin_vel_y_max: 1.0000
          Episode_Reward/foot_clearance: -0.0019
   Curriculum/command_vel/lin_vel_x_max: 1.0000
         Episode_Reward/self_collisions: -0.0001
           Episode_Termination/time_out: 0.0000
   Curriculum/command_vel/lin_vel_y_min: -1.0000
             Metrics/landing_force_mean: 367.1762
--------------------------------------------------------------------------------
                         Iteration time: 1.02s
                           Time elapsed: 0:01:15
                                    ETA: 9:16:16

################################################################################
[1m                          Learning iteration 68/30000                           [0m 

                               Run name: seed0
                            Total steps: 13565952 
                       Steps per second: 192362 
                        Collection time: 0.824s 
                          Learning time: 0.198s 
                        Mean value loss: 0.0044
                    Mean surrogate loss: -0.0102
                      Mean entropy loss: 33.9388
                            Mean reward: -0.62
                    Mean episode length: 11.45
                        Mean action std: 0.78
   Curriculum/command_vel/ang_vel_z_max: 0.5000
        Episode_Reward/angular_momentum: -0.0030
               Metrics/peak_height_mean: 0.0325
       Episode_Reward/foot_swing_height: -0.0004
          Episode_Reward/action_rate_l2: -0.0312
        Episode_Metrics/mean_action_acc: 1.1862
   Curriculum/command_vel/lin_vel_x_min: -1.0000
  Episode_Reward/track_angular_velocity: 0.0001
             Metrics/twist/error_vel_xy: 0.0216
                Episode_Reward/air_time: 0.0000
          Metrics/angular_momentum_mean: 3.0124
                    Episode_Reward/pose: 0.0027
            Episode_Reward/body_ang_vel: -0.0063
          Episode_Termination/fell_over: 715.8334
             Metrics/slip_velocity_mean: 0.5568
          Episode_Reward/dof_pos_limits: -0.0007
               Episode_Reward/foot_slip: -0.0003
   Episode_Reward/track_linear_velocity: 0.0028
   Curriculum/command_vel/ang_vel_z_min: -0.5000
                 Episode_Reward/upright: 0.0079
            Metrics/twist/error_vel_yaw: 0.0550
            Episode_Reward/soft_landing: -0.0000
   Curriculum/command_vel/lin_vel_y_max: 1.0000
          Episode_Reward/foot_clearance: -0.0019
   Curriculum/command_vel/lin_vel_x_max: 1.0000
         Episode_Reward/self_collisions: -0.0001
           Episode_Termination/time_out: 0.0000
   Curriculum/command_vel/lin_vel_y_min: -1.0000
             Metrics/landing_force_mean: 369.6668
--------------------------------------------------------------------------------
                         Iteration time: 1.02s
                           Time elapsed: 0:01:16
                                    ETA: 9:15:35

################################################################################
[1m                          Learning iteration 69/30000                           [0m 

                               Run name: seed0
                            Total steps: 13762560 
                       Steps per second: 192456 
                        Collection time: 0.824s 
                          Learning time: 0.198s 
                        Mean value loss: 0.0042
                    Mean surrogate loss: -0.0075
                      Mean entropy loss: 33.9042
                            Mean reward: -0.60
                    Mean episode length: 11.35
                        Mean action std: 0.78
   Curriculum/command_vel/ang_vel_z_max: 0.5000
        Episode_Reward/angular_momentum: -0.0029
               Metrics/peak_height_mean: 0.0323
       Episode_Reward/foot_swing_height: -0.0004
          Episode_Reward/action_rate_l2: -0.0307
        Episode_Metrics/mean_action_acc: 1.1815
   Curriculum/command_vel/lin_vel_x_min: -1.0000
  Episode_Reward/track_angular_velocity: 0.0001
             Metrics/twist/error_vel_xy: 0.0213
                Episode_Reward/air_time: 0.0000
          Metrics/angular_momentum_mean: 2.9789
                    Episode_Reward/pose: 0.0027
            Episode_Reward/body_ang_vel: -0.0063
          Episode_Termination/fell_over: 721.2917
             Metrics/slip_velocity_mean: 0.5568
          Episode_Reward/dof_pos_limits: -0.0007
               Episode_Reward/foot_slip: -0.0003
   Episode_Reward/track_linear_velocity: 0.0027
   Curriculum/command_vel/ang_vel_z_min: -0.5000
                 Episode_Reward/upright: 0.0078
            Metrics/twist/error_vel_yaw: 0.0553
            Episode_Reward/soft_landing: -0.0000
   Curriculum/command_vel/lin_vel_y_max: 1.0000
          Episode_Reward/foot_clearance: -0.0018
   Curriculum/command_vel/lin_vel_x_max: 1.0000
         Episode_Reward/self_collisions: -0.0001
           Episode_Termination/time_out: 0.0000
   Curriculum/command_vel/lin_vel_y_min: -1.0000
             Metrics/landing_force_mean: 372.3242
--------------------------------------------------------------------------------
                         Iteration time: 1.02s
                           Time elapsed: 0:01:17
                                    ETA: 9:14:54

################################################################################
[1m                          Learning iteration 70/30000                           [0m 

                               Run name: seed0
                            Total steps: 13959168 
                       Steps per second: 193084 
                        Collection time: 0.820s 
                          Learning time: 0.198s 
                        Mean value loss: 0.0042
                    Mean surrogate loss: -0.0096
                      Mean entropy loss: 33.8645
                            Mean reward: -0.58
                    Mean episode length: 11.18
                        Mean action std: 0.78
   Curriculum/command_vel/ang_vel_z_max: 0.5000
        Episode_Reward/angular_momentum: -0.0028
               Metrics/peak_height_mean: 0.0321
       Episode_Reward/foot_swing_height: -0.0004
          Episode_Reward/action_rate_l2: -0.0304
        Episode_Metrics/mean_action_acc: 1.1787
   Curriculum/command_vel/lin_vel_x_min: -1.0000
  Episode_Reward/track_angular_velocity: 0.0001
             Metrics/twist/error_vel_xy: 0.0210
                Episode_Reward/air_time: 0.0000
          Metrics/angular_momentum_mean: 2.9209
                    Episode_Reward/pose: 0.0026
            Episode_Reward/body_ang_vel: -0.0062
          Episode_Termination/fell_over: 733.6667
             Metrics/slip_velocity_mean: 0.5614
          Episode_Reward/dof_pos_limits: -0.0007
               Episode_Reward/foot_slip: -0.0003
   Episode_Reward/track_linear_velocity: 0.0027
   Curriculum/command_vel/ang_vel_z_min: -0.5000
                 Episode_Reward/upright: 0.0078
            Metrics/twist/error_vel_yaw: 0.0553
            Episode_Reward/soft_landing: -0.0000
   Curriculum/command_vel/lin_vel_y_max: 1.0000
          Episode_Reward/foot_clearance: -0.0018
   Curriculum/command_vel/lin_vel_x_max: 1.0000
         Episode_Reward/self_collisions: -0.0001
           Episode_Termination/time_out: 0.0000
   Curriculum/command_vel/lin_vel_y_min: -1.0000
             Metrics/landing_force_mean: 377.7094
--------------------------------------------------------------------------------
                         Iteration time: 1.02s
                           Time elapsed: 0:01:18
                                    ETA: 9:14:13

################################################################################
[1m                          Learning iteration 71/30000                           [0m 

                               Run name: seed0
                            Total steps: 14155776 
                       Steps per second: 193578 
                        Collection time: 0.818s 
                          Learning time: 0.198s 
                        Mean value loss: 0.0039
                    Mean surrogate loss: -0.0122
                      Mean entropy loss: 33.7650
                            Mean reward: -0.57
                    Mean episode length: 11.01
                        Mean action std: 0.77
   Curriculum/command_vel/ang_vel_z_max: 0.5000
        Episode_Reward/angular_momentum: -0.0027
               Metrics/peak_height_mean: 0.0322
       Episode_Reward/foot_swing_height: -0.0004
          Episode_Reward/action_rate_l2: -0.0297
        Episode_Metrics/mean_action_acc: 1.1719
   Curriculum/command_vel/lin_vel_x_min: -1.0000
  Episode_Reward/track_angular_velocity: 0.0001
             Metrics/twist/error_vel_xy: 0.0207
                Episode_Reward/air_time: 0.0000
          Metrics/angular_momentum_mean: 2.9016
                    Episode_Reward/pose: 0.0026
            Episode_Reward/body_ang_vel: -0.0062
          Episode_Termination/fell_over: 737.6250
             Metrics/slip_velocity_mean: 0.5600
          Episode_Reward/dof_pos_limits: -0.0007
               Episode_Reward/foot_slip: -0.0003
   Episode_Reward/track_linear_velocity: 0.0027
   Curriculum/command_vel/ang_vel_z_min: -0.5000
                 Episode_Reward/upright: 0.0077
            Metrics/twist/error_vel_yaw: 0.0547
            Episode_Reward/soft_landing: -0.0000
   Curriculum/command_vel/lin_vel_y_max: 1.0000
          Episode_Reward/foot_clearance: -0.0018
   Curriculum/command_vel/lin_vel_x_max: 1.0000
         Episode_Reward/self_collisions: -0.0001
           Episode_Termination/time_out: 0.0000
   Curriculum/command_vel/lin_vel_y_min: -1.0000
             Metrics/landing_force_mean: 384.3029
--------------------------------------------------------------------------------
                         Iteration time: 1.02s
                           Time elapsed: 0:01:19
                                    ETA: 9:13:33

################################################################################
[1m                          Learning iteration 72/30000                           [0m 

                               Run name: seed0
                            Total steps: 14352384 
                       Steps per second: 194229 
                        Collection time: 0.815s 
                          Learning time: 0.198s 
                        Mean value loss: 0.0038
                    Mean surrogate loss: -0.0120
                      Mean entropy loss: 33.6563
                            Mean reward: -0.57
                    Mean episode length: 10.89
                        Mean action std: 0.77
   Curriculum/command_vel/ang_vel_z_max: 0.5000
        Episode_Reward/angular_momentum: -0.0026
               Metrics/peak_height_mean: 0.0325
       Episode_Reward/foot_swing_height: -0.0004
          Episode_Reward/action_rate_l2: -0.0292
        Episode_Metrics/mean_action_acc: 1.1644
   Curriculum/command_vel/lin_vel_x_min: -1.0000
  Episode_Reward/track_angular_velocity: 0.0001
             Metrics/twist/error_vel_xy: 0.0206
                Episode_Reward/air_time: 0.0000
          Metrics/angular_momentum_mean: 2.8491
                    Episode_Reward/pose: 0.0026
            Episode_Reward/body_ang_vel: -0.0062
          Episode_Termination/fell_over: 746.4167
             Metrics/slip_velocity_mean: 0.5605
          Episode_Reward/dof_pos_limits: -0.0008
               Episode_Reward/foot_slip: -0.0003
   Episode_Reward/track_linear_velocity: 0.0026
   Curriculum/command_vel/ang_vel_z_min: -0.5000
                 Episode_Reward/upright: 0.0077
            Metrics/twist/error_vel_yaw: 0.0550
            Episode_Reward/soft_landing: -0.0000
   Curriculum/command_vel/lin_vel_y_max: 1.0000
          Episode_Reward/foot_clearance: -0.0018
   Curriculum/command_vel/lin_vel_x_max: 1.0000
         Episode_Reward/self_collisions: -0.0001
           Episode_Termination/time_out: 0.0000
   Curriculum/command_vel/lin_vel_y_min: -1.0000
             Metrics/landing_force_mean: 383.7176
--------------------------------------------------------------------------------
                         Iteration time: 1.01s
                           Time elapsed: 0:01:20
                                    ETA: 9:12:51

################################################################################
[1m                          Learning iteration 73/30000                           [0m 

                               Run name: seed0
                            Total steps: 14548992 
                       Steps per second: 194111 
                        Collection time: 0.815s 
                          Learning time: 0.198s 
                        Mean value loss: 0.0035
                    Mean surrogate loss: -0.0145
                      Mean entropy loss: 33.5034
                            Mean reward: -0.56
                    Mean episode length: 11.00
                        Mean action std: 0.77
   Curriculum/command_vel/ang_vel_z_max: 0.5000
        Episode_Reward/angular_momentum: -0.0025
               Metrics/peak_height_mean: 0.0322
       Episode_Reward/foot_swing_height: -0.0004
          Episode_Reward/action_rate_l2: -0.0285
        Episode_Metrics/mean_action_acc: 1.1535
   Curriculum/command_vel/lin_vel_x_min: -1.0000
  Episode_Reward/track_angular_velocity: 0.0001
             Metrics/twist/error_vel_xy: 0.0203
                Episode_Reward/air_time: 0.0000
          Metrics/angular_momentum_mean: 2.7929
                    Episode_Reward/pose: 0.0025
            Episode_Reward/body_ang_vel: -0.0061
          Episode_Termination/fell_over: 756.0834
             Metrics/slip_velocity_mean: 0.5617
          Episode_Reward/dof_pos_limits: -0.0008
               Episode_Reward/foot_slip: -0.0003
   Episode_Reward/track_linear_velocity: 0.0026
   Curriculum/command_vel/ang_vel_z_min: -0.5000
                 Episode_Reward/upright: 0.0076
            Metrics/twist/error_vel_yaw: 0.0547
            Episode_Reward/soft_landing: -0.0000
   Curriculum/command_vel/lin_vel_y_max: 1.0000
          Episode_Reward/foot_clearance: -0.0017
   Curriculum/command_vel/lin_vel_x_max: 1.0000
         Episode_Reward/self_collisions: -0.0001
           Episode_Termination/time_out: 0.0000
   Curriculum/command_vel/lin_vel_y_min: -1.0000
             Metrics/landing_force_mean: 386.3220
--------------------------------------------------------------------------------
                         Iteration time: 1.01s
                           Time elapsed: 0:01:21
                                    ETA: 9:12:12

################################################################################
[1m                          Learning iteration 74/30000                           [0m 

                               Run name: seed0
                            Total steps: 14745600 
                       Steps per second: 194637 
                        Collection time: 0.813s 
                          Learning time: 0.197s 
                        Mean value loss: 0.0034
                    Mean surrogate loss: -0.0156
                      Mean entropy loss: 33.2928
                            Mean reward: -0.53
                    Mean episode length: 10.62
                        Mean action std: 0.76
   Curriculum/command_vel/ang_vel_z_max: 0.5000
        Episode_Reward/angular_momentum: -0.0023
               Metrics/peak_height_mean: 0.0319
       Episode_Reward/foot_swing_height: -0.0004
          Episode_Reward/action_rate_l2: -0.0279
        Episode_Metrics/mean_action_acc: 1.1439
   Curriculum/command_vel/lin_vel_x_min: -1.0000
  Episode_Reward/track_angular_velocity: 0.0001
             Metrics/twist/error_vel_xy: 0.0201
                Episode_Reward/air_time: 0.0000
          Metrics/angular_momentum_mean: 2.7334
                    Episode_Reward/pose: 0.0025
            Episode_Reward/body_ang_vel: -0.0061
          Episode_Termination/fell_over: 766.8334
             Metrics/slip_velocity_mean: 0.5646
          Episode_Reward/dof_pos_limits: -0.0008
               Episode_Reward/foot_slip: -0.0003
   Episode_Reward/track_linear_velocity: 0.0025
   Curriculum/command_vel/ang_vel_z_min: -0.5000
                 Episode_Reward/upright: 0.0076
            Metrics/twist/error_vel_yaw: 0.0547
            Episode_Reward/soft_landing: -0.0000
   Curriculum/command_vel/lin_vel_y_max: 1.0000
          Episode_Reward/foot_clearance: -0.0017
   Curriculum/command_vel/lin_vel_x_max: 1.0000
         Episode_Reward/self_collisions: -0.0001
           Episode_Termination/time_out: 0.0000
   Curriculum/command_vel/lin_vel_y_min: -1.0000
             Metrics/landing_force_mean: 391.0824
--------------------------------------------------------------------------------
                         Iteration time: 1.01s
                           Time elapsed: 0:01:22
                                    ETA: 9:11:32

################################################################################
[1m                          Learning iteration 75/30000                           [0m 

                               Run name: seed0
                            Total steps: 14942208 
                       Steps per second: 194184 
                        Collection time: 0.815s 
                          Learning time: 0.198s 
                        Mean value loss: 0.0032
                    Mean surrogate loss: -0.0153
                      Mean entropy loss: 33.0443
                            Mean reward: -0.52
                    Mean episode length: 10.77
                        Mean action std: 0.75
   Curriculum/command_vel/ang_vel_z_max: 0.5000
        Episode_Reward/angular_momentum: -0.0023
               Metrics/peak_height_mean: 0.0318
       Episode_Reward/foot_swing_height: -0.0004
          Episode_Reward/action_rate_l2: -0.0273
        Episode_Metrics/mean_action_acc: 1.1319
   Curriculum/command_vel/lin_vel_x_min: -1.0000
  Episode_Reward/track_angular_velocity: 0.0001
             Metrics/twist/error_vel_xy: 0.0200
                Episode_Reward/air_time: 0.0000
          Metrics/angular_momentum_mean: 2.6967
                    Episode_Reward/pose: 0.0025
            Episode_Reward/body_ang_vel: -0.0060
          Episode_Termination/fell_over: 762.6667
             Metrics/slip_velocity_mean: 0.5572
          Episode_Reward/dof_pos_limits: -0.0008
               Episode_Reward/foot_slip: -0.0003
   Episode_Reward/track_linear_velocity: 0.0026
   Curriculum/command_vel/ang_vel_z_min: -0.5000
                 Episode_Reward/upright: 0.0076
            Metrics/twist/error_vel_yaw: 0.0551
            Episode_Reward/soft_landing: -0.0000
   Curriculum/command_vel/lin_vel_y_max: 1.0000
          Episode_Reward/foot_clearance: -0.0017
   Curriculum/command_vel/lin_vel_x_max: 1.0000
         Episode_Reward/self_collisions: -0.0001
           Episode_Termination/time_out: 0.0000
   Curriculum/command_vel/lin_vel_y_min: -1.0000
             Metrics/landing_force_mean: 391.0622
--------------------------------------------------------------------------------
                         Iteration time: 1.01s
                           Time elapsed: 0:01:23
                                    ETA: 9:10:54

################################################################################
[1m                          Learning iteration 76/30000                           [0m 

                               Run name: seed0
                            Total steps: 15138816 
                       Steps per second: 194124 
                        Collection time: 0.815s 
                          Learning time: 0.198s 
                        Mean value loss: 0.0030
                    Mean surrogate loss: -0.0165
                      Mean entropy loss: 32.7758
                            Mean reward: -0.50
                    Mean episode length: 10.72
                        Mean action std: 0.75
   Curriculum/command_vel/ang_vel_z_max: 0.5000
        Episode_Reward/angular_momentum: -0.0022
               Metrics/peak_height_mean: 0.0314
       Episode_Reward/foot_swing_height: -0.0004
          Episode_Reward/action_rate_l2: -0.0268
        Episode_Metrics/mean_action_acc: 1.1185
   Curriculum/command_vel/lin_vel_x_min: -1.0000
  Episode_Reward/track_angular_velocity: 0.0001
             Metrics/twist/error_vel_xy: 0.0199
                Episode_Reward/air_time: 0.0000
          Metrics/angular_momentum_mean: 2.6742
                    Episode_Reward/pose: 0.0025
            Episode_Reward/body_ang_vel: -0.0059
          Episode_Termination/fell_over: 764.0000
             Metrics/slip_velocity_mean: 0.5566
          Episode_Reward/dof_pos_limits: -0.0008
               Episode_Reward/foot_slip: -0.0003
   Episode_Reward/track_linear_velocity: 0.0026
   Curriculum/command_vel/ang_vel_z_min: -0.5000
                 Episode_Reward/upright: 0.0076
            Metrics/twist/error_vel_yaw: 0.0558
            Episode_Reward/soft_landing: -0.0000
   Curriculum/command_vel/lin_vel_y_max: 1.0000
          Episode_Reward/foot_clearance: -0.0017
   Curriculum/command_vel/lin_vel_x_max: 1.0000
         Episode_Reward/self_collisions: -0.0001
           Episode_Termination/time_out: 0.0000
   Curriculum/command_vel/lin_vel_y_min: -1.0000
             Metrics/landing_force_mean: 392.0347
--------------------------------------------------------------------------------
                         Iteration time: 1.01s
                           Time elapsed: 0:01:24
                                    ETA: 9:10:17

################################################################################
[1m                          Learning iteration 77/30000                           [0m 

                               Run name: seed0
                            Total steps: 15335424 
                       Steps per second: 194813 
                        Collection time: 0.812s 
                          Learning time: 0.198s 
                        Mean value loss: 0.0027
                    Mean surrogate loss: -0.0099
                      Mean entropy loss: 32.5361
                            Mean reward: -0.47
                    Mean episode length: 10.65
                        Mean action std: 0.74
   Curriculum/command_vel/ang_vel_z_max: 0.5000
        Episode_Reward/angular_momentum: -0.0021
               Metrics/peak_height_mean: 0.0314
       Episode_Reward/foot_swing_height: -0.0004
          Episode_Reward/action_rate_l2: -0.0260
        Episode_Metrics/mean_action_acc: 1.1031
   Curriculum/command_vel/lin_vel_x_min: -1.0000
  Episode_Reward/track_angular_velocity: 0.0001
             Metrics/twist/error_vel_xy: 0.0199
                Episode_Reward/air_time: 0.0000
          Metrics/angular_momentum_mean: 2.6286
                    Episode_Reward/pose: 0.0025
            Episode_Reward/body_ang_vel: -0.0058
          Episode_Termination/fell_over: 772.7084
             Metrics/slip_velocity_mean: 0.5541
          Episode_Reward/dof_pos_limits: -0.0008
               Episode_Reward/foot_slip: -0.0003
   Episode_Reward/track_linear_velocity: 0.0026
   Curriculum/command_vel/ang_vel_z_min: -0.5000
                 Episode_Reward/upright: 0.0076
            Metrics/twist/error_vel_yaw: 0.0561
            Episode_Reward/soft_landing: -0.0000
   Curriculum/command_vel/lin_vel_y_max: 1.0000
          Episode_Reward/foot_clearance: -0.0017
   Curriculum/command_vel/lin_vel_x_max: 1.0000
         Episode_Reward/self_collisions: -0.0001
           Episode_Termination/time_out: 0.0000
   Curriculum/command_vel/lin_vel_y_min: -1.0000
             Metrics/landing_force_mean: 396.1721
--------------------------------------------------------------------------------
                         Iteration time: 1.01s
                           Time elapsed: 0:01:25
                                    ETA: 9:09:40

################################################################################
[1m                          Learning iteration 78/30000                           [0m 

                               Run name: seed0
                            Total steps: 15532032 
                       Steps per second: 195012 
                        Collection time: 0.810s 
                          Learning time: 0.198s 
                        Mean value loss: 0.0025
                    Mean surrogate loss: -0.0118
                      Mean entropy loss: 32.3687
                            Mean reward: -0.48
                    Mean episode length: 10.59
                        Mean action std: 0.74
   Curriculum/command_vel/ang_vel_z_max: 0.5000
        Episode_Reward/angular_momentum: -0.0021
               Metrics/peak_height_mean: 0.0311
       Episode_Reward/foot_swing_height: -0.0004
          Episode_Reward/action_rate_l2: -0.0255
        Episode_Metrics/mean_action_acc: 1.0934
   Curriculum/command_vel/lin_vel_x_min: -1.0000
  Episode_Reward/track_angular_velocity: 0.0001
             Metrics/twist/error_vel_xy: 0.0196
                Episode_Reward/air_time: 0.0000
          Metrics/angular_momentum_mean: 2.6195
                    Episode_Reward/pose: 0.0025
            Episode_Reward/body_ang_vel: -0.0058
          Episode_Termination/fell_over: 775.1250
             Metrics/slip_velocity_mean: 0.5541
          Episode_Reward/dof_pos_limits: -0.0008
               Episode_Reward/foot_slip: -0.0003
   Episode_Reward/track_linear_velocity: 0.0026
   Curriculum/command_vel/ang_vel_z_min: -0.5000
                 Episode_Reward/upright: 0.0076
            Metrics/twist/error_vel_yaw: 0.0561
            Episode_Reward/soft_landing: -0.0000
   Curriculum/command_vel/lin_vel_y_max: 1.0000
          Episode_Reward/foot_clearance: -0.0017
   Curriculum/command_vel/lin_vel_x_max: 1.0000
         Episode_Reward/self_collisions: -0.0001
           Episode_Termination/time_out: 0.0000
   Curriculum/command_vel/lin_vel_y_min: -1.0000
             Metrics/landing_force_mean: 400.6868
--------------------------------------------------------------------------------
                         Iteration time: 1.01s
                           Time elapsed: 0:01:26
                                    ETA: 9:09:03

################################################################################
[1m                          Learning iteration 79/30000                           [0m 

                               Run name: seed0
                            Total steps: 15728640 
                       Steps per second: 195034 
                        Collection time: 0.810s 
                          Learning time: 0.198s 
                        Mean value loss: 0.0024
                    Mean surrogate loss: -0.0142
                      Mean entropy loss: 32.1897
                            Mean reward: -0.47
                    Mean episode length: 10.54
                        Mean action std: 0.73
   Curriculum/command_vel/ang_vel_z_max: 0.5000
        Episode_Reward/angular_momentum: -0.0020
               Metrics/peak_height_mean: 0.0315
       Episode_Reward/foot_swing_height: -0.0003
          Episode_Reward/action_rate_l2: -0.0251
        Episode_Metrics/mean_action_acc: 1.0844
   Curriculum/command_vel/lin_vel_x_min: -1.0000
  Episode_Reward/track_angular_velocity: 0.0001
             Metrics/twist/error_vel_xy: 0.0195
                Episode_Reward/air_time: 0.0000
          Metrics/angular_momentum_mean: 2.5834
                    Episode_Reward/pose: 0.0025
            Episode_Reward/body_ang_vel: -0.0057
          Episode_Termination/fell_over: 777.9584
             Metrics/slip_velocity_mean: 0.5516
          Episode_Reward/dof_pos_limits: -0.0008
               Episode_Reward/foot_slip: -0.0003
   Episode_Reward/track_linear_velocity: 0.0027
   Curriculum/command_vel/ang_vel_z_min: -0.5000
                 Episode_Reward/upright: 0.0076
            Metrics/twist/error_vel_yaw: 0.0569
            Episode_Reward/soft_landing: -0.0000
   Curriculum/command_vel/lin_vel_y_max: 1.0000
          Episode_Reward/foot_clearance: -0.0017
   Curriculum/command_vel/lin_vel_x_max: 1.0000
         Episode_Reward/self_collisions: -0.0001
           Episode_Termination/time_out: 0.0000
   Curriculum/command_vel/lin_vel_y_min: -1.0000
             Metrics/landing_force_mean: 402.5096
--------------------------------------------------------------------------------
                         Iteration time: 1.01s
                           Time elapsed: 0:01:27
                                    ETA: 9:08:27

################################################################################
[1m                          Learning iteration 80/30000                           [0m 

                               Run name: seed0
                            Total steps: 15925248 
                       Steps per second: 195096 
                        Collection time: 0.810s 
                          Learning time: 0.198s 
                        Mean value loss: 0.0023
                    Mean surrogate loss: -0.0165
                      Mean entropy loss: 31.9419
                            Mean reward: -0.44
                    Mean episode length: 10.51
                        Mean action std: 0.72
   Curriculum/command_vel/ang_vel_z_max: 0.5000
        Episode_Reward/angular_momentum: -0.0020
               Metrics/peak_height_mean: 0.0313
       Episode_Reward/foot_swing_height: -0.0003
          Episode_Reward/action_rate_l2: -0.0245
        Episode_Metrics/mean_action_acc: 1.0737
   Curriculum/command_vel/lin_vel_x_min: -1.0000
  Episode_Reward/track_angular_velocity: 0.0001
             Metrics/twist/error_vel_xy: 0.0193
                Episode_Reward/air_time: 0.0000
          Metrics/angular_momentum_mean: 2.5491
                    Episode_Reward/pose: 0.0025
            Episode_Reward/body_ang_vel: -0.0057
          Episode_Termination/fell_over: 784.7917
             Metrics/slip_velocity_mean: 0.5518
          Episode_Reward/dof_pos_limits: -0.0008
               Episode_Reward/foot_slip: -0.0003
   Episode_Reward/track_linear_velocity: 0.0027
   Curriculum/command_vel/ang_vel_z_min: -0.5000
                 Episode_Reward/upright: 0.0075
            Metrics/twist/error_vel_yaw: 0.0570
            Episode_Reward/soft_landing: -0.0000
   Curriculum/command_vel/lin_vel_y_max: 1.0000
          Episode_Reward/foot_clearance: -0.0017
   Curriculum/command_vel/lin_vel_x_max: 1.0000
         Episode_Reward/self_collisions: -0.0001
           Episode_Termination/time_out: 0.0000
   Curriculum/command_vel/lin_vel_y_min: -1.0000
             Metrics/landing_force_mean: 405.8473
--------------------------------------------------------------------------------
                         Iteration time: 1.01s
                           Time elapsed: 0:01:28
                                    ETA: 9:07:52

################################################################################
[1m                          Learning iteration 81/30000                           [0m 

                               Run name: seed0
                            Total steps: 16121856 
                       Steps per second: 195459 
                        Collection time: 0.808s 
                          Learning time: 0.198s 
                        Mean value loss: 0.0022
                    Mean surrogate loss: -0.0163
                      Mean entropy loss: 31.6175
                            Mean reward: -0.43
                    Mean episode length: 10.51
                        Mean action std: 0.72
   Curriculum/command_vel/ang_vel_z_max: 0.5000
        Episode_Reward/angular_momentum: -0.0019
               Metrics/peak_height_mean: 0.0313
       Episode_Reward/foot_swing_height: -0.0003
          Episode_Reward/action_rate_l2: -0.0240
        Episode_Metrics/mean_action_acc: 1.0611
   Curriculum/command_vel/lin_vel_x_min: -1.0000
  Episode_Reward/track_angular_velocity: 0.0001
             Metrics/twist/error_vel_xy: 0.0193
                Episode_Reward/air_time: 0.0000
          Metrics/angular_momentum_mean: 2.5292
                    Episode_Reward/pose: 0.0025
            Episode_Reward/body_ang_vel: -0.0056
          Episode_Termination/fell_over: 785.5417
             Metrics/slip_velocity_mean: 0.5487
          Episode_Reward/dof_pos_limits: -0.0008
               Episode_Reward/foot_slip: -0.0003
   Episode_Reward/track_linear_velocity: 0.0027
   Curriculum/command_vel/ang_vel_z_min: -0.5000
                 Episode_Reward/upright: 0.0075
            Metrics/twist/error_vel_yaw: 0.0572
            Episode_Reward/soft_landing: -0.0000
   Curriculum/command_vel/lin_vel_y_max: 1.0000
          Episode_Reward/foot_clearance: -0.0017
   Curriculum/command_vel/lin_vel_x_max: 1.0000
         Episode_Reward/self_collisions: -0.0001
           Episode_Termination/time_out: 0.0000
   Curriculum/command_vel/lin_vel_y_min: -1.0000
             Metrics/landing_force_mean: 406.7241
--------------------------------------------------------------------------------
                         Iteration time: 1.01s
                           Time elapsed: 0:01:30
                                    ETA: 9:07:17

################################################################################
[1m                          Learning iteration 82/30000                           [0m 

                               Run name: seed0
                            Total steps: 16318464 
                       Steps per second: 195301 
                        Collection time: 0.809s 
                          Learning time: 0.198s 
                        Mean value loss: 0.0022
                    Mean surrogate loss: -0.0070
                      Mean entropy loss: 31.3762
                            Mean reward: -0.40
                    Mean episode length: 10.50
                        Mean action std: 0.71
   Curriculum/command_vel/ang_vel_z_max: 0.5000
        Episode_Reward/angular_momentum: -0.0018
               Metrics/peak_height_mean: 0.0312
       Episode_Reward/foot_swing_height: -0.0003
          Episode_Reward/action_rate_l2: -0.0235
        Episode_Metrics/mean_action_acc: 1.0459
   Curriculum/command_vel/lin_vel_x_min: -1.0000
  Episode_Reward/track_angular_velocity: 0.0001
             Metrics/twist/error_vel_xy: 0.0194
                Episode_Reward/air_time: 0.0000
          Metrics/angular_momentum_mean: 2.4598
                    Episode_Reward/pose: 0.0025
            Episode_Reward/body_ang_vel: -0.0055
          Episode_Termination/fell_over: 781.7500
             Metrics/slip_velocity_mean: 0.5406
          Episode_Reward/dof_pos_limits: -0.0008
               Episode_Reward/foot_slip: -0.0002
   Episode_Reward/track_linear_velocity: 0.0027
   Curriculum/command_vel/ang_vel_z_min: -0.5000
                 Episode_Reward/upright: 0.0076
            Metrics/twist/error_vel_yaw: 0.0576
            Episode_Reward/soft_landing: -0.0000
   Curriculum/command_vel/lin_vel_y_max: 1.0000
          Episode_Reward/foot_clearance: -0.0017
   Curriculum/command_vel/lin_vel_x_max: 1.0000
         Episode_Reward/self_collisions: -0.0001
           Episode_Termination/time_out: 0.0000
   Curriculum/command_vel/lin_vel_y_min: -1.0000
             Metrics/landing_force_mean: 406.4426
--------------------------------------------------------------------------------
                         Iteration time: 1.01s
                           Time elapsed: 0:01:31
                                    ETA: 9:06:43

################################################################################
[1m                          Learning iteration 83/30000                           [0m 

                               Run name: seed0
                            Total steps: 16515072 
                       Steps per second: 195668 
                        Collection time: 0.807s 
                          Learning time: 0.198s 
                        Mean value loss: 0.0021
                    Mean surrogate loss: -0.0149
                      Mean entropy loss: 31.1832
                            Mean reward: -0.41
                    Mean episode length: 10.50
                        Mean action std: 0.71
   Curriculum/command_vel/ang_vel_z_max: 0.5000
        Episode_Reward/angular_momentum: -0.0018
               Metrics/peak_height_mean: 0.0311
       Episode_Reward/foot_swing_height: -0.0003
          Episode_Reward/action_rate_l2: -0.0232
        Episode_Metrics/mean_action_acc: 1.0372
   Curriculum/command_vel/lin_vel_x_min: -1.0000
  Episode_Reward/track_angular_velocity: 0.0001
             Metrics/twist/error_vel_xy: 0.0194
                Episode_Reward/air_time: 0.0000
          Metrics/angular_momentum_mean: 2.4402
                    Episode_Reward/pose: 0.0026
            Episode_Reward/body_ang_vel: -0.0054
          Episode_Termination/fell_over: 778.1667
             Metrics/slip_velocity_mean: 0.5376
          Episode_Reward/dof_pos_limits: -0.0008
               Episode_Reward/foot_slip: -0.0002
   Episode_Reward/track_linear_velocity: 0.0028
   Curriculum/command_vel/ang_vel_z_min: -0.5000
                 Episode_Reward/upright: 0.0076
            Metrics/twist/error_vel_yaw: 0.0583
            Episode_Reward/soft_landing: -0.0000
   Curriculum/command_vel/lin_vel_y_max: 1.0000
          Episode_Reward/foot_clearance: -0.0017
   Curriculum/command_vel/lin_vel_x_max: 1.0000
         Episode_Reward/self_collisions: -0.0001
           Episode_Termination/time_out: 0.0000
   Curriculum/command_vel/lin_vel_y_min: -1.0000
             Metrics/landing_force_mean: 412.5620
--------------------------------------------------------------------------------
                         Iteration time: 1.00s
                           Time elapsed: 0:01:32
                                    ETA: 9:06:10

################################################################################
[1m                          Learning iteration 84/30000                           [0m 

                               Run name: seed0
                            Total steps: 16711680 
                       Steps per second: 196049 
                        Collection time: 0.805s 
                          Learning time: 0.198s 
                        Mean value loss: 0.0020
                    Mean surrogate loss: -0.0131
                      Mean entropy loss: 30.8847
                            Mean reward: -0.40
                    Mean episode length: 10.41
                        Mean action std: 0.70
   Curriculum/command_vel/ang_vel_z_max: 0.5000
        Episode_Reward/angular_momentum: -0.0018
               Metrics/peak_height_mean: 0.0313
       Episode_Reward/foot_swing_height: -0.0003
          Episode_Reward/action_rate_l2: -0.0228
        Episode_Metrics/mean_action_acc: 1.0274
   Curriculum/command_vel/lin_vel_x_min: -1.0000
  Episode_Reward/track_angular_velocity: 0.0001
             Metrics/twist/error_vel_xy: 0.0194
                Episode_Reward/air_time: 0.0000
          Metrics/angular_momentum_mean: 2.4328
                    Episode_Reward/pose: 0.0026
            Episode_Reward/body_ang_vel: -0.0054
          Episode_Termination/fell_over: 780.0834
             Metrics/slip_velocity_mean: 0.5325
          Episode_Reward/dof_pos_limits: -0.0008
               Episode_Reward/foot_slip: -0.0002
   Episode_Reward/track_linear_velocity: 0.0028
   Curriculum/command_vel/ang_vel_z_min: -0.5000
                 Episode_Reward/upright: 0.0077
            Metrics/twist/error_vel_yaw: 0.0590
            Episode_Reward/soft_landing: -0.0000
   Curriculum/command_vel/lin_vel_y_max: 1.0000
          Episode_Reward/foot_clearance: -0.0017
   Curriculum/command_vel/lin_vel_x_max: 1.0000
         Episode_Reward/self_collisions: -0.0001
           Episode_Termination/time_out: 0.0000
   Curriculum/command_vel/lin_vel_y_min: -1.0000
             Metrics/landing_force_mean: 411.1507
--------------------------------------------------------------------------------
                         Iteration time: 1.00s
                           Time elapsed: 0:01:33
                                    ETA: 9:05:36

################################################################################
[1m                          Learning iteration 85/30000                           [0m 

                               Run name: seed0
                            Total steps: 16908288 
                       Steps per second: 195565 
                        Collection time: 0.807s 
                          Learning time: 0.198s 
                        Mean value loss: 0.0020
                    Mean surrogate loss: -0.0079
                      Mean entropy loss: 30.7207
                            Mean reward: -0.38
                    Mean episode length: 10.54
                        Mean action std: 0.70
   Curriculum/command_vel/ang_vel_z_max: 0.5000
        Episode_Reward/angular_momentum: -0.0018
               Metrics/peak_height_mean: 0.0311
       Episode_Reward/foot_swing_height: -0.0003
          Episode_Reward/action_rate_l2: -0.0223
        Episode_Metrics/mean_action_acc: 1.0157
   Curriculum/command_vel/lin_vel_x_min: -1.0000
  Episode_Reward/track_angular_velocity: 0.0001
             Metrics/twist/error_vel_xy: 0.0194
                Episode_Reward/air_time: 0.0000
          Metrics/angular_momentum_mean: 2.4244
                    Episode_Reward/pose: 0.0026
            Episode_Reward/body_ang_vel: -0.0054
          Episode_Termination/fell_over: 778.2500
             Metrics/slip_velocity_mean: 0.5240
          Episode_Reward/dof_pos_limits: -0.0008
               Episode_Reward/foot_slip: -0.0002
   Episode_Reward/track_linear_velocity: 0.0029
   Curriculum/command_vel/ang_vel_z_min: -0.5000
                 Episode_Reward/upright: 0.0077
            Metrics/twist/error_vel_yaw: 0.0594
            Episode_Reward/soft_landing: -0.0000
   Curriculum/command_vel/lin_vel_y_max: 1.0000
          Episode_Reward/foot_clearance: -0.0017
   Curriculum/command_vel/lin_vel_x_max: 1.0000
         Episode_Reward/self_collisions: -0.0001
           Episode_Termination/time_out: 0.0000
   Curriculum/command_vel/lin_vel_y_min: -1.0000
             Metrics/landing_force_mean: 414.3642
--------------------------------------------------------------------------------
                         Iteration time: 1.01s
                           Time elapsed: 0:01:34
                                    ETA: 9:05:04

################################################################################
[1m                          Learning iteration 86/30000                           [0m 

                               Run name: seed0
                            Total steps: 17104896 
                       Steps per second: 195469 
                        Collection time: 0.808s 
                          Learning time: 0.198s 
                        Mean value loss: 0.0020
                    Mean surrogate loss: -0.0159
                      Mean entropy loss: 30.5098
                            Mean reward: -0.39
                    Mean episode length: 10.69
                        Mean action std: 0.69
   Curriculum/command_vel/ang_vel_z_max: 0.5000
        Episode_Reward/angular_momentum: -0.0018
               Metrics/peak_height_mean: 0.0317
       Episode_Reward/foot_swing_height: -0.0003
          Episode_Reward/action_rate_l2: -0.0222
        Episode_Metrics/mean_action_acc: 1.0080
   Curriculum/command_vel/lin_vel_x_min: -1.0000
  Episode_Reward/track_angular_velocity: 0.0001
             Metrics/twist/error_vel_xy: 0.0195
                Episode_Reward/air_time: 0.0000
          Metrics/angular_momentum_mean: 2.4117
                    Episode_Reward/pose: 0.0027
            Episode_Reward/body_ang_vel: -0.0053
          Episode_Termination/fell_over: 772.3334
             Metrics/slip_velocity_mean: 0.5238
          Episode_Reward/dof_pos_limits: -0.0008
               Episode_Reward/foot_slip: -0.0002
   Episode_Reward/track_linear_velocity: 0.0030
   Curriculum/command_vel/ang_vel_z_min: -0.5000
                 Episode_Reward/upright: 0.0077
            Metrics/twist/error_vel_yaw: 0.0602
            Episode_Reward/soft_landing: -0.0000
   Curriculum/command_vel/lin_vel_y_max: 1.0000
          Episode_Reward/foot_clearance: -0.0017
   Curriculum/command_vel/lin_vel_x_max: 1.0000
         Episode_Reward/self_collisions: -0.0001
           Episode_Termination/time_out: 0.0000
   Curriculum/command_vel/lin_vel_y_min: -1.0000
             Metrics/landing_force_mean: 416.9825
--------------------------------------------------------------------------------
                         Iteration time: 1.01s
                           Time elapsed: 0:01:35
                                    ETA: 9:04:33

################################################################################
[1m                          Learning iteration 87/30000                           [0m 

                               Run name: seed0
                            Total steps: 17301504 
                       Steps per second: 195819 
                        Collection time: 0.806s 
                          Learning time: 0.198s 
                        Mean value loss: 0.0019
                    Mean surrogate loss: -0.0172
                      Mean entropy loss: 30.1767
                            Mean reward: -0.36
                    Mean episode length: 10.69
                        Mean action std: 0.68
   Curriculum/command_vel/ang_vel_z_max: 0.5000
        Episode_Reward/angular_momentum: -0.0017
               Metrics/peak_height_mean: 0.0311
       Episode_Reward/foot_swing_height: -0.0003
          Episode_Reward/action_rate_l2: -0.0219
        Episode_Metrics/mean_action_acc: 0.9971
   Curriculum/command_vel/lin_vel_x_min: -1.0000
  Episode_Reward/track_angular_velocity: 0.0001
             Metrics/twist/error_vel_xy: 0.0195
                Episode_Reward/air_time: 0.0000
          Metrics/angular_momentum_mean: 2.3929
                    Episode_Reward/pose: 0.0027
            Episode_Reward/body_ang_vel: -0.0052
          Episode_Termination/fell_over: 767.0834
             Metrics/slip_velocity_mean: 0.5158
          Episode_Reward/dof_pos_limits: -0.0008
               Episode_Reward/foot_slip: -0.0002
   Episode_Reward/track_linear_velocity: 0.0031
   Curriculum/command_vel/ang_vel_z_min: -0.5000
                 Episode_Reward/upright: 0.0078
            Metrics/twist/error_vel_yaw: 0.0606
            Episode_Reward/soft_landing: -0.0000
   Curriculum/command_vel/lin_vel_y_max: 1.0000
          Episode_Reward/foot_clearance: -0.0017
   Curriculum/command_vel/lin_vel_x_max: 1.0000
         Episode_Reward/self_collisions: -0.0001
           Episode_Termination/time_out: 0.0000
   Curriculum/command_vel/lin_vel_y_min: -1.0000
             Metrics/landing_force_mean: 417.5544
--------------------------------------------------------------------------------
                         Iteration time: 1.00s
                           Time elapsed: 0:01:36
                                    ETA: 9:04:02

################################################################################
[1m                          Learning iteration 88/30000                           [0m 

                               Run name: seed0
                            Total steps: 17498112 
                       Steps per second: 195593 
                        Collection time: 0.807s 
                          Learning time: 0.198s 
                        Mean value loss: 0.0018
                    Mean surrogate loss: -0.0171
                      Mean entropy loss: 29.7720
                            Mean reward: -0.34
                    Mean episode length: 10.67
                        Mean action std: 0.67
   Curriculum/command_vel/ang_vel_z_max: 0.5000
        Episode_Reward/angular_momentum: -0.0017
               Metrics/peak_height_mean: 0.0314
       Episode_Reward/foot_swing_height: -0.0003
          Episode_Reward/action_rate_l2: -0.0215
        Episode_Metrics/mean_action_acc: 0.9840
   Curriculum/command_vel/lin_vel_x_min: -1.0000
  Episode_Reward/track_angular_velocity: 0.0001
             Metrics/twist/error_vel_xy: 0.0195
                Episode_Reward/air_time: 0.0000
          Metrics/angular_momentum_mean: 2.3798
                    Episode_Reward/pose: 0.0027
            Episode_Reward/body_ang_vel: -0.0051
          Episode_Termination/fell_over: 764.2500
             Metrics/slip_velocity_mean: 0.5092
          Episode_Reward/dof_pos_limits: -0.0007
               Episode_Reward/foot_slip: -0.0002
   Episode_Reward/track_linear_velocity: 0.0032
   Curriculum/command_vel/ang_vel_z_min: -0.5000
                 Episode_Reward/upright: 0.0078
            Metrics/twist/error_vel_yaw: 0.0615
            Episode_Reward/soft_landing: -0.0000
   Curriculum/command_vel/lin_vel_y_max: 1.0000
          Episode_Reward/foot_clearance: -0.0017
   Curriculum/command_vel/lin_vel_x_max: 1.0000
         Episode_Reward/self_collisions: -0.0001
           Episode_Termination/time_out: 0.0000
   Curriculum/command_vel/lin_vel_y_min: -1.0000
             Metrics/landing_force_mean: 420.1155
--------------------------------------------------------------------------------
                         Iteration time: 1.01s
                           Time elapsed: 0:01:37
                                    ETA: 9:03:32

################################################################################
[1m                          Learning iteration 89/30000                           [0m 

                               Run name: seed0
                            Total steps: 17694720 
                       Steps per second: 195707 
                        Collection time: 0.806s 
                          Learning time: 0.198s 
                        Mean value loss: 0.0018
                    Mean surrogate loss: -0.0137
                      Mean entropy loss: 29.4289
                            Mean reward: -0.32
                    Mean episode length: 10.83
                        Mean action std: 0.66
   Curriculum/command_vel/ang_vel_z_max: 0.5000
        Episode_Reward/angular_momentum: -0.0017
               Metrics/peak_height_mean: 0.0311
       Episode_Reward/foot_swing_height: -0.0003
          Episode_Reward/action_rate_l2: -0.0210
        Episode_Metrics/mean_action_acc: 0.9685
   Curriculum/command_vel/lin_vel_x_min: -1.0000
  Episode_Reward/track_angular_velocity: 0.0001
             Metrics/twist/error_vel_xy: 0.0197
                Episode_Reward/air_time: 0.0000
          Metrics/angular_momentum_mean: 2.3634
                    Episode_Reward/pose: 0.0028
            Episode_Reward/body_ang_vel: -0.0050
          Episode_Termination/fell_over: 759.1250
             Metrics/slip_velocity_mean: 0.5049
          Episode_Reward/dof_pos_limits: -0.0007
               Episode_Reward/foot_slip: -0.0002
   Episode_Reward/track_linear_velocity: 0.0032
   Curriculum/command_vel/ang_vel_z_min: -0.5000
                 Episode_Reward/upright: 0.0079
            Metrics/twist/error_vel_yaw: 0.0618
            Episode_Reward/soft_landing: -0.0000
   Curriculum/command_vel/lin_vel_y_max: 1.0000
          Episode_Reward/foot_clearance: -0.0017
   Curriculum/command_vel/lin_vel_x_max: 1.0000
         Episode_Reward/self_collisions: -0.0001
           Episode_Termination/time_out: 0.0000
   Curriculum/command_vel/lin_vel_y_min: -1.0000
             Metrics/landing_force_mean: 422.7609
--------------------------------------------------------------------------------
                         Iteration time: 1.00s
                           Time elapsed: 0:01:38
                                    ETA: 9:03:02

################################################################################
[1m                          Learning iteration 90/30000                           [0m 

                               Run name: seed0
                            Total steps: 17891328 
                       Steps per second: 194949 
                        Collection time: 0.810s 
                          Learning time: 0.198s 
                        Mean value loss: 0.0017
                    Mean surrogate loss: -0.0184
                      Mean entropy loss: 29.0309
                            Mean reward: -0.31
                    Mean episode length: 11.02
                        Mean action std: 0.65
   Curriculum/command_vel/ang_vel_z_max: 0.5000
        Episode_Reward/angular_momentum: -0.0017
               Metrics/peak_height_mean: 0.0306
       Episode_Reward/foot_swing_height: -0.0003
          Episode_Reward/action_rate_l2: -0.0207
        Episode_Metrics/mean_action_acc: 0.9562
   Curriculum/command_vel/lin_vel_x_min: -1.0000
  Episode_Reward/track_angular_velocity: 0.0001
             Metrics/twist/error_vel_xy: 0.0198
                Episode_Reward/air_time: 0.0000
          Metrics/angular_momentum_mean: 2.3548
                    Episode_Reward/pose: 0.0028
            Episode_Reward/body_ang_vel: -0.0050
          Episode_Termination/fell_over: 752.3750
             Metrics/slip_velocity_mean: 0.4949
          Episode_Reward/dof_pos_limits: -0.0007
               Episode_Reward/foot_slip: -0.0002
   Episode_Reward/track_linear_velocity: 0.0034
   Curriculum/command_vel/ang_vel_z_min: -0.5000
                 Episode_Reward/upright: 0.0080
            Metrics/twist/error_vel_yaw: 0.0627
            Episode_Reward/soft_landing: -0.0000
   Curriculum/command_vel/lin_vel_y_max: 1.0000
          Episode_Reward/foot_clearance: -0.0017
   Curriculum/command_vel/lin_vel_x_max: 1.0000
         Episode_Reward/self_collisions: -0.0001
           Episode_Termination/time_out: 0.0000
   Curriculum/command_vel/lin_vel_y_min: -1.0000
             Metrics/landing_force_mean: 420.2437
--------------------------------------------------------------------------------
                         Iteration time: 1.01s
                           Time elapsed: 0:01:39
                                    ETA: 9:02:34

################################################################################
[1m                          Learning iteration 91/30000                           [0m 

                               Run name: seed0
                            Total steps: 18087936 
                       Steps per second: 195055 
                        Collection time: 0.810s 
                          Learning time: 0.198s 
                        Mean value loss: 0.0017
                    Mean surrogate loss: -0.0111
                      Mean entropy loss: 28.6814
                            Mean reward: -0.30
                    Mean episode length: 11.07
                        Mean action std: 0.65
   Curriculum/command_vel/ang_vel_z_max: 0.5000
        Episode_Reward/angular_momentum: -0.0017
               Metrics/peak_height_mean: 0.0303
       Episode_Reward/foot_swing_height: -0.0003
          Episode_Reward/action_rate_l2: -0.0201
        Episode_Metrics/mean_action_acc: 0.9408
   Curriculum/command_vel/lin_vel_x_min: -1.0000
  Episode_Reward/track_angular_velocity: 0.0001
             Metrics/twist/error_vel_xy: 0.0197
                Episode_Reward/air_time: 0.0000
          Metrics/angular_momentum_mean: 2.3460
                    Episode_Reward/pose: 0.0029
            Episode_Reward/body_ang_vel: -0.0049
          Episode_Termination/fell_over: 749.3334
             Metrics/slip_velocity_mean: 0.4871
          Episode_Reward/dof_pos_limits: -0.0007
               Episode_Reward/foot_slip: -0.0002
   Episode_Reward/track_linear_velocity: 0.0035
   Curriculum/command_vel/ang_vel_z_min: -0.5000
                 Episode_Reward/upright: 0.0080
            Metrics/twist/error_vel_yaw: 0.0633
            Episode_Reward/soft_landing: -0.0000
   Curriculum/command_vel/lin_vel_y_max: 1.0000
          Episode_Reward/foot_clearance: -0.0017
   Curriculum/command_vel/lin_vel_x_max: 1.0000
         Episode_Reward/self_collisions: -0.0001
           Episode_Termination/time_out: 0.0000
   Curriculum/command_vel/lin_vel_y_min: -1.0000
             Metrics/landing_force_mean: 422.1970
--------------------------------------------------------------------------------
                         Iteration time: 1.01s
                           Time elapsed: 0:01:40
                                    ETA: 9:02:07

################################################################################
[1m                          Learning iteration 92/30000                           [0m 

                               Run name: seed0
                            Total steps: 18284544 
                       Steps per second: 195872 
                        Collection time: 0.806s 
                          Learning time: 0.197s 
                        Mean value loss: 0.0016
                    Mean surrogate loss: -0.0171
                      Mean entropy loss: 28.3900
                            Mean reward: -0.31
                    Mean episode length: 11.10
                        Mean action std: 0.64
   Curriculum/command_vel/ang_vel_z_max: 0.5000
        Episode_Reward/angular_momentum: -0.0017
               Metrics/peak_height_mean: 0.0300
       Episode_Reward/foot_swing_height: -0.0003
          Episode_Reward/action_rate_l2: -0.0199
        Episode_Metrics/mean_action_acc: 0.9302
   Curriculum/command_vel/lin_vel_x_min: -1.0000
  Episode_Reward/track_angular_velocity: 0.0001
             Metrics/twist/error_vel_xy: 0.0199
                Episode_Reward/air_time: 0.0000
          Metrics/angular_momentum_mean: 2.3593
                    Episode_Reward/pose: 0.0029
            Episode_Reward/body_ang_vel: -0.0049
          Episode_Termination/fell_over: 741.7917
             Metrics/slip_velocity_mean: 0.4815
          Episode_Reward/dof_pos_limits: -0.0007
               Episode_Reward/foot_slip: -0.0002
   Episode_Reward/track_linear_velocity: 0.0036
   Curriculum/command_vel/ang_vel_z_min: -0.5000
                 Episode_Reward/upright: 0.0081
            Metrics/twist/error_vel_yaw: 0.0641
            Episode_Reward/soft_landing: -0.0000
   Curriculum/command_vel/lin_vel_y_max: 1.0000
          Episode_Reward/foot_clearance: -0.0017
   Curriculum/command_vel/lin_vel_x_max: 1.0000
         Episode_Reward/self_collisions: -0.0001
           Episode_Termination/time_out: 0.0000
   Curriculum/command_vel/lin_vel_y_min: -1.0000
             Metrics/landing_force_mean: 425.2883
--------------------------------------------------------------------------------
                         Iteration time: 1.00s
                           Time elapsed: 0:01:41
                                    ETA: 9:01:39

################################################################################
[1m                          Learning iteration 93/30000                           [0m 

                               Run name: seed0
                            Total steps: 18481152 
                       Steps per second: 195276 
                        Collection time: 0.809s 
                          Learning time: 0.198s 
                        Mean value loss: 0.0016
                    Mean surrogate loss: -0.0152
                      Mean entropy loss: 28.0453
                            Mean reward: -0.28
                    Mean episode length: 11.16
                        Mean action std: 0.63
   Curriculum/command_vel/ang_vel_z_max: 0.5000
        Episode_Reward/angular_momentum: -0.0018
               Metrics/peak_height_mean: 0.0306
       Episode_Reward/foot_swing_height: -0.0003
          Episode_Reward/action_rate_l2: -0.0196
        Episode_Metrics/mean_action_acc: 0.9199
   Curriculum/command_vel/lin_vel_x_min: -1.0000
  Episode_Reward/track_angular_velocity: 0.0001
             Metrics/twist/error_vel_xy: 0.0199
                Episode_Reward/air_time: 0.0000
          Metrics/angular_momentum_mean: 2.3644
                    Episode_Reward/pose: 0.0030
            Episode_Reward/body_ang_vel: -0.0048
          Episode_Termination/fell_over: 735.9167
             Metrics/slip_velocity_mean: 0.4754
          Episode_Reward/dof_pos_limits: -0.0007
               Episode_Reward/foot_slip: -0.0002
   Episode_Reward/track_linear_velocity: 0.0038
   Curriculum/command_vel/ang_vel_z_min: -0.5000
                 Episode_Reward/upright: 0.0082
            Metrics/twist/error_vel_yaw: 0.0645
            Episode_Reward/soft_landing: -0.0000
   Curriculum/command_vel/lin_vel_y_max: 1.0000
          Episode_Reward/foot_clearance: -0.0017
   Curriculum/command_vel/lin_vel_x_max: 1.0000
         Episode_Reward/self_collisions: -0.0001
           Episode_Termination/time_out: 0.0000
   Curriculum/command_vel/lin_vel_y_min: -1.0000
             Metrics/landing_force_mean: 426.1614
--------------------------------------------------------------------------------
                         Iteration time: 1.01s
                           Time elapsed: 0:01:42
                                    ETA: 9:01:13

################################################################################
[1m                          Learning iteration 94/30000                           [0m 

                               Run name: seed0
                            Total steps: 18677760 
                       Steps per second: 195403 
                        Collection time: 0.808s 
                          Learning time: 0.198s 
                        Mean value loss: 0.0015
                    Mean surrogate loss: -0.0158
                      Mean entropy loss: 27.7911
                            Mean reward: -0.26
                    Mean episode length: 11.22
                        Mean action std: 0.63
   Curriculum/command_vel/ang_vel_z_max: 0.5000
        Episode_Reward/angular_momentum: -0.0018
               Metrics/peak_height_mean: 0.0302
       Episode_Reward/foot_swing_height: -0.0003
          Episode_Reward/action_rate_l2: -0.0193
        Episode_Metrics/mean_action_acc: 0.9090
   Curriculum/command_vel/lin_vel_x_min: -1.0000
  Episode_Reward/track_angular_velocity: 0.0001
             Metrics/twist/error_vel_xy: 0.0201
                Episode_Reward/air_time: 0.0000
          Metrics/angular_momentum_mean: 2.3620
                    Episode_Reward/pose: 0.0031
            Episode_Reward/body_ang_vel: -0.0048
          Episode_Termination/fell_over: 727.1250
             Metrics/slip_velocity_mean: 0.4668
          Episode_Reward/dof_pos_limits: -0.0007
               Episode_Reward/foot_slip: -0.0002
   Episode_Reward/track_linear_velocity: 0.0040
   Curriculum/command_vel/ang_vel_z_min: -0.5000
                 Episode_Reward/upright: 0.0083
            Metrics/twist/error_vel_yaw: 0.0656
            Episode_Reward/soft_landing: -0.0000
   Curriculum/command_vel/lin_vel_y_max: 1.0000
          Episode_Reward/foot_clearance: -0.0017
   Curriculum/command_vel/lin_vel_x_max: 1.0000
         Episode_Reward/self_collisions: -0.0001
           Episode_Termination/time_out: 0.0000
   Curriculum/command_vel/lin_vel_y_min: -1.0000
             Metrics/landing_force_mean: 426.7073
--------------------------------------------------------------------------------
                         Iteration time: 1.01s
                           Time elapsed: 0:01:43
                                    ETA: 9:00:46

################################################################################
[1m                          Learning iteration 95/30000                           [0m 

                               Run name: seed0
                            Total steps: 18874368 
                       Steps per second: 195371 
                        Collection time: 0.808s 
                          Learning time: 0.198s 
                        Mean value loss: 0.0016
                    Mean surrogate loss: -0.0147
                      Mean entropy loss: 27.4613
                            Mean reward: -0.24
                    Mean episode length: 11.39
                        Mean action std: 0.62
   Curriculum/command_vel/ang_vel_z_max: 0.5000
        Episode_Reward/angular_momentum: -0.0018
               Metrics/peak_height_mean: 0.0303
       Episode_Reward/foot_swing_height: -0.0003
          Episode_Reward/action_rate_l2: -0.0193
        Episode_Metrics/mean_action_acc: 0.8994
   Curriculum/command_vel/lin_vel_x_min: -1.0000
  Episode_Reward/track_angular_velocity: 0.0002
             Metrics/twist/error_vel_xy: 0.0204
                Episode_Reward/air_time: 0.0000
          Metrics/angular_momentum_mean: 2.3323
                    Episode_Reward/pose: 0.0031
            Episode_Reward/body_ang_vel: -0.0047
          Episode_Termination/fell_over: 716.7500
             Metrics/slip_velocity_mean: 0.4603
          Episode_Reward/dof_pos_limits: -0.0007
               Episode_Reward/foot_slip: -0.0002
   Episode_Reward/track_linear_velocity: 0.0042
   Curriculum/command_vel/ang_vel_z_min: -0.5000
                 Episode_Reward/upright: 0.0084
            Metrics/twist/error_vel_yaw: 0.0668
            Episode_Reward/soft_landing: -0.0000
   Curriculum/command_vel/lin_vel_y_max: 1.0000
          Episode_Reward/foot_clearance: -0.0017
   Curriculum/command_vel/lin_vel_x_max: 1.0000
         Episode_Reward/self_collisions: -0.0001
           Episode_Termination/time_out: 0.0000
   Curriculum/command_vel/lin_vel_y_min: -1.0000
             Metrics/landing_force_mean: 428.7357
--------------------------------------------------------------------------------
                         Iteration time: 1.01s
                           Time elapsed: 0:01:44
                                    ETA: 9:00:21

################################################################################
[1m                          Learning iteration 96/30000                           [0m 

                               Run name: seed0
                            Total steps: 19070976 
                       Steps per second: 194870 
                        Collection time: 0.811s 
                          Learning time: 0.198s 
                        Mean value loss: 0.0015
                    Mean surrogate loss: -0.0162
                      Mean entropy loss: 27.1230
                            Mean reward: -0.23
                    Mean episode length: 11.67
                        Mean action std: 0.61
   Curriculum/command_vel/ang_vel_z_max: 0.5000
        Episode_Reward/angular_momentum: -0.0018
               Metrics/peak_height_mean: 0.0297
       Episode_Reward/foot_swing_height: -0.0003
          Episode_Reward/action_rate_l2: -0.0190
        Episode_Metrics/mean_action_acc: 0.8898
   Curriculum/command_vel/lin_vel_x_min: -1.0000
  Episode_Reward/track_angular_velocity: 0.0002
             Metrics/twist/error_vel_xy: 0.0206
                Episode_Reward/air_time: 0.0000
          Metrics/angular_momentum_mean: 2.3208
                    Episode_Reward/pose: 0.0032
            Episode_Reward/body_ang_vel: -0.0046
          Episode_Termination/fell_over: 708.0834
             Metrics/slip_velocity_mean: 0.4525
          Episode_Reward/dof_pos_limits: -0.0007
               Episode_Reward/foot_slip: -0.0002
   Episode_Reward/track_linear_velocity: 0.0043
   Curriculum/command_vel/ang_vel_z_min: -0.5000
                 Episode_Reward/upright: 0.0085
            Metrics/twist/error_vel_yaw: 0.0681
            Episode_Reward/soft_landing: -0.0000
   Curriculum/command_vel/lin_vel_y_max: 1.0000
          Episode_Reward/foot_clearance: -0.0017
   Curriculum/command_vel/lin_vel_x_max: 1.0000
         Episode_Reward/self_collisions: -0.0001
           Episode_Termination/time_out: 0.0000
   Curriculum/command_vel/lin_vel_y_min: -1.0000
             Metrics/landing_force_mean: 427.3584
--------------------------------------------------------------------------------
                         Iteration time: 1.01s
                           Time elapsed: 0:01:45
                                    ETA: 8:59:57

################################################################################
[1m                          Learning iteration 97/30000                           [0m 

                               Run name: seed0
                            Total steps: 19267584 
                       Steps per second: 195049 
                        Collection time: 0.810s 
                          Learning time: 0.198s 
                        Mean value loss: 0.0016
                    Mean surrogate loss: -0.0140
                      Mean entropy loss: 26.8227
                            Mean reward: -0.21
                    Mean episode length: 11.62
                        Mean action std: 0.61
   Curriculum/command_vel/ang_vel_z_max: 0.5000
        Episode_Reward/angular_momentum: -0.0017
               Metrics/peak_height_mean: 0.0291
       Episode_Reward/foot_swing_height: -0.0004
          Episode_Reward/action_rate_l2: -0.0188
        Episode_Metrics/mean_action_acc: 0.8788
   Curriculum/command_vel/lin_vel_x_min: -1.0000
  Episode_Reward/track_angular_velocity: 0.0002
             Metrics/twist/error_vel_xy: 0.0207
                Episode_Reward/air_time: 0.0000
          Metrics/angular_momentum_mean: 2.2936
                    Episode_Reward/pose: 0.0033
            Episode_Reward/body_ang_vel: -0.0046
          Episode_Termination/fell_over: 695.5417
             Metrics/slip_velocity_mean: 0.4442
          Episode_Reward/dof_pos_limits: -0.0007
               Episode_Reward/foot_slip: -0.0002
   Episode_Reward/track_linear_velocity: 0.0046
   Curriculum/command_vel/ang_vel_z_min: -0.5000
                 Episode_Reward/upright: 0.0087
            Metrics/twist/error_vel_yaw: 0.0694
            Episode_Reward/soft_landing: -0.0000
   Curriculum/command_vel/lin_vel_y_max: 1.0000
          Episode_Reward/foot_clearance: -0.0017
   Curriculum/command_vel/lin_vel_x_max: 1.0000
         Episode_Reward/self_collisions: -0.0001
           Episode_Termination/time_out: 0.0000
   Curriculum/command_vel/lin_vel_y_min: -1.0000
             Metrics/landing_force_mean: 426.3182
--------------------------------------------------------------------------------
                         Iteration time: 1.01s
                           Time elapsed: 0:01:46
                                    ETA: 8:59:33

################################################################################
[1m                          Learning iteration 98/30000                           [0m 

                               Run name: seed0
                            Total steps: 19464192 
                       Steps per second: 194674 
                        Collection time: 0.812s 
                          Learning time: 0.198s 
                        Mean value loss: 0.0015
                    Mean surrogate loss: -0.0154
                      Mean entropy loss: 26.5150
                            Mean reward: -0.20
                    Mean episode length: 11.82
                        Mean action std: 0.60
   Curriculum/command_vel/ang_vel_z_max: 0.5000
        Episode_Reward/angular_momentum: -0.0017
               Metrics/peak_height_mean: 0.0290
       Episode_Reward/foot_swing_height: -0.0004
          Episode_Reward/action_rate_l2: -0.0186
        Episode_Metrics/mean_action_acc: 0.8698
   Curriculum/command_vel/lin_vel_x_min: -1.0000
  Episode_Reward/track_angular_velocity: 0.0002
             Metrics/twist/error_vel_xy: 0.0209
                Episode_Reward/air_time: 0.0000
          Metrics/angular_momentum_mean: 2.2852
                    Episode_Reward/pose: 0.0033
            Episode_Reward/body_ang_vel: -0.0045
          Episode_Termination/fell_over: 687.7917
             Metrics/slip_velocity_mean: 0.4354
          Episode_Reward/dof_pos_limits: -0.0007
               Episode_Reward/foot_slip: -0.0002
   Episode_Reward/track_linear_velocity: 0.0048
   Curriculum/command_vel/ang_vel_z_min: -0.5000
                 Episode_Reward/upright: 0.0088
            Metrics/twist/error_vel_yaw: 0.0701
            Episode_Reward/soft_landing: -0.0000
   Curriculum/command_vel/lin_vel_y_max: 1.0000
          Episode_Reward/foot_clearance: -0.0017
   Curriculum/command_vel/lin_vel_x_max: 1.0000
         Episode_Reward/self_collisions: -0.0001
           Episode_Termination/time_out: 0.0000
   Curriculum/command_vel/lin_vel_y_min: -1.0000
             Metrics/landing_force_mean: 425.3282
--------------------------------------------------------------------------------
                         Iteration time: 1.01s
                           Time elapsed: 0:01:47
                                    ETA: 8:59:09

################################################################################
[1m                          Learning iteration 99/30000                           [0m 

                               Run name: seed0
                            Total steps: 19660800 
                       Steps per second: 194705 
                        Collection time: 0.811s 
                          Learning time: 0.199s 
                        Mean value loss: 0.0015
                    Mean surrogate loss: -0.0116
                      Mean entropy loss: 26.2881
                            Mean reward: -0.21
                    Mean episode length: 12.29
                        Mean action std: 0.60
   Curriculum/command_vel/ang_vel_z_max: 0.5000
        Episode_Reward/angular_momentum: -0.0018
               Metrics/peak_height_mean: 0.0291
       Episode_Reward/foot_swing_height: -0.0004
          Episode_Reward/action_rate_l2: -0.0186
        Episode_Metrics/mean_action_acc: 0.8608
   Curriculum/command_vel/lin_vel_x_min: -1.0000
  Episode_Reward/track_angular_velocity: 0.0002
             Metrics/twist/error_vel_xy: 0.0213
                Episode_Reward/air_time: 0.0000
          Metrics/angular_momentum_mean: 2.2783
                    Episode_Reward/pose: 0.0034
            Episode_Reward/body_ang_vel: -0.0044
          Episode_Termination/fell_over: 672.5417
             Metrics/slip_velocity_mean: 0.4295
          Episode_Reward/dof_pos_limits: -0.0007
               Episode_Reward/foot_slip: -0.0002
   Episode_Reward/track_linear_velocity: 0.0051
   Curriculum/command_vel/ang_vel_z_min: -0.5000
                 Episode_Reward/upright: 0.0090
            Metrics/twist/error_vel_yaw: 0.0718
            Episode_Reward/soft_landing: -0.0000
   Curriculum/command_vel/lin_vel_y_max: 1.0000
          Episode_Reward/foot_clearance: -0.0017
   Curriculum/command_vel/lin_vel_x_max: 1.0000
         Episode_Reward/self_collisions: -0.0001
           Episode_Termination/time_out: 0.0000
   Curriculum/command_vel/lin_vel_y_min: -1.0000
             Metrics/landing_force_mean: 427.6314
--------------------------------------------------------------------------------
                         Iteration time: 1.01s
                           Time elapsed: 0:01:48
                                    ETA: 8:58:47

################################################################################
[1m                          Learning iteration 100/30000                          [0m 

                               Run name: seed0
                            Total steps: 19857408 
                       Steps per second: 194614 
                        Collection time: 0.812s 
                          Learning time: 0.198s 
                        Mean value loss: 0.0015
                    Mean surrogate loss: -0.0153
                      Mean entropy loss: 25.9841
                            Mean reward: -0.18
                    Mean episode length: 12.47
                        Mean action std: 0.59
   Curriculum/command_vel/ang_vel_z_max: 0.5000
        Episode_Reward/angular_momentum: -0.0018
               Metrics/peak_height_mean: 0.0289
       Episode_Reward/foot_swing_height: -0.0004
          Episode_Reward/action_rate_l2: -0.0186
        Episode_Metrics/mean_action_acc: 0.8543
   Curriculum/command_vel/lin_vel_x_min: -1.0000
  Episode_Reward/track_angular_velocity: 0.0002
             Metrics/twist/error_vel_xy: 0.0215
                Episode_Reward/air_time: 0.0000
          Metrics/angular_momentum_mean: 2.2466
                    Episode_Reward/pose: 0.0035
            Episode_Reward/body_ang_vel: -0.0044
          Episode_Termination/fell_over: 663.0000
             Metrics/slip_velocity_mean: 0.4223
          Episode_Reward/dof_pos_limits: -0.0007
               Episode_Reward/foot_slip: -0.0002
   Episode_Reward/track_linear_velocity: 0.0053
   Curriculum/command_vel/ang_vel_z_min: -0.5000
                 Episode_Reward/upright: 0.0092
            Metrics/twist/error_vel_yaw: 0.0730
            Episode_Reward/soft_landing: -0.0000
   Curriculum/command_vel/lin_vel_y_max: 1.0000
          Episode_Reward/foot_clearance: -0.0018
   Curriculum/command_vel/lin_vel_x_max: 1.0000
         Episode_Reward/self_collisions: -0.0001
           Episode_Termination/time_out: 0.0000
   Curriculum/command_vel/lin_vel_y_min: -1.0000
             Metrics/landing_force_mean: 425.7585
--------------------------------------------------------------------------------
                         Iteration time: 1.01s
                           Time elapsed: 0:01:49
                                    ETA: 8:58:25

################################################################################
[1m                          Learning iteration 101/30000                          [0m 

                               Run name: seed0
                            Total steps: 20054016 
                       Steps per second: 194843 
                        Collection time: 0.811s 
                          Learning time: 0.198s 
                        Mean value loss: 0.0016
                    Mean surrogate loss: -0.0178
                      Mean entropy loss: 25.5807
                            Mean reward: -0.16
                    Mean episode length: 12.67
                        Mean action std: 0.58
   Curriculum/command_vel/ang_vel_z_max: 0.5000
        Episode_Reward/angular_momentum: -0.0018
               Metrics/peak_height_mean: 0.0287
       Episode_Reward/foot_swing_height: -0.0004
          Episode_Reward/action_rate_l2: -0.0186
        Episode_Metrics/mean_action_acc: 0.8443
   Curriculum/command_vel/lin_vel_x_min: -1.0000
  Episode_Reward/track_angular_velocity: 0.0002
             Metrics/twist/error_vel_xy: 0.0218
                Episode_Reward/air_time: 0.0000
          Metrics/angular_momentum_mean: 2.2323
                    Episode_Reward/pose: 0.0036
            Episode_Reward/body_ang_vel: -0.0043
          Episode_Termination/fell_over: 647.9167
             Metrics/slip_velocity_mean: 0.4178
          Episode_Reward/dof_pos_limits: -0.0007
               Episode_Reward/foot_slip: -0.0002
   Episode_Reward/track_linear_velocity: 0.0056
   Curriculum/command_vel/ang_vel_z_min: -0.5000
                 Episode_Reward/upright: 0.0093
            Metrics/twist/error_vel_yaw: 0.0743
            Episode_Reward/soft_landing: -0.0000
   Curriculum/command_vel/lin_vel_y_max: 1.0000
          Episode_Reward/foot_clearance: -0.0018
   Curriculum/command_vel/lin_vel_x_max: 1.0000
         Episode_Reward/self_collisions: -0.0001
           Episode_Termination/time_out: 0.0000
   Curriculum/command_vel/lin_vel_y_min: -1.0000
             Metrics/landing_force_mean: 426.0161
--------------------------------------------------------------------------------
                         Iteration time: 1.01s
                           Time elapsed: 0:01:50
                                    ETA: 8:58:03

################################################################################
[1m                          Learning iteration 102/30000                          [0m 

                               Run name: seed0
                            Total steps: 20250624 
                       Steps per second: 194731 
                        Collection time: 0.811s 
                          Learning time: 0.198s 
                        Mean value loss: 0.0016
                    Mean surrogate loss: -0.0125
                      Mean entropy loss: 25.2814
                            Mean reward: -0.15
                    Mean episode length: 12.78
                        Mean action std: 0.58
   Curriculum/command_vel/ang_vel_z_max: 0.5000
        Episode_Reward/angular_momentum: -0.0018
               Metrics/peak_height_mean: 0.0284
       Episode_Reward/foot_swing_height: -0.0004
          Episode_Reward/action_rate_l2: -0.0183
        Episode_Metrics/mean_action_acc: 0.8338
   Curriculum/command_vel/lin_vel_x_min: -1.0000
  Episode_Reward/track_angular_velocity: 0.0002
             Metrics/twist/error_vel_xy: 0.0219
                Episode_Reward/air_time: 0.0000
          Metrics/angular_momentum_mean: 2.2266
                    Episode_Reward/pose: 0.0037
            Episode_Reward/body_ang_vel: -0.0042
          Episode_Termination/fell_over: 639.6667
             Metrics/slip_velocity_mean: 0.4090
          Episode_Reward/dof_pos_limits: -0.0007
               Episode_Reward/foot_slip: -0.0002
   Episode_Reward/track_linear_velocity: 0.0059
   Curriculum/command_vel/ang_vel_z_min: -0.5000
                 Episode_Reward/upright: 0.0095
            Metrics/twist/error_vel_yaw: 0.0752
            Episode_Reward/soft_landing: -0.0000
   Curriculum/command_vel/lin_vel_y_max: 1.0000
          Episode_Reward/foot_clearance: -0.0018
   Curriculum/command_vel/lin_vel_x_max: 1.0000
         Episode_Reward/self_collisions: -0.0001
           Episode_Termination/time_out: 0.0000
   Curriculum/command_vel/lin_vel_y_min: -1.0000
             Metrics/landing_force_mean: 425.0437
--------------------------------------------------------------------------------
                         Iteration time: 1.01s
                           Time elapsed: 0:01:51
                                    ETA: 8:57:41

################################################################################
[1m                          Learning iteration 103/30000                          [0m 

                               Run name: seed0
                            Total steps: 20447232 
                       Steps per second: 193620 
                        Collection time: 0.817s 
                          Learning time: 0.198s 
                        Mean value loss: 0.0015
                    Mean surrogate loss: -0.0163
                      Mean entropy loss: 24.9758
                            Mean reward: -0.14
                    Mean episode length: 12.83
                        Mean action std: 0.57
   Curriculum/command_vel/ang_vel_z_max: 0.5000
        Episode_Reward/angular_momentum: -0.0018
               Metrics/peak_height_mean: 0.0283
       Episode_Reward/foot_swing_height: -0.0004
          Episode_Reward/action_rate_l2: -0.0182
        Episode_Metrics/mean_action_acc: 0.8251
   Curriculum/command_vel/lin_vel_x_min: -1.0000
  Episode_Reward/track_angular_velocity: 0.0002
             Metrics/twist/error_vel_xy: 0.0224
                Episode_Reward/air_time: 0.0000
          Metrics/angular_momentum_mean: 2.2153
                    Episode_Reward/pose: 0.0038
            Episode_Reward/body_ang_vel: -0.0041
          Episode_Termination/fell_over: 627.5834
             Metrics/slip_velocity_mean: 0.4047
          Episode_Reward/dof_pos_limits: -0.0007
               Episode_Reward/foot_slip: -0.0002
   Episode_Reward/track_linear_velocity: 0.0061
   Curriculum/command_vel/ang_vel_z_min: -0.5000
                 Episode_Reward/upright: 0.0096
            Metrics/twist/error_vel_yaw: 0.0764
            Episode_Reward/soft_landing: -0.0000
   Curriculum/command_vel/lin_vel_y_max: 1.0000
          Episode_Reward/foot_clearance: -0.0018
   Curriculum/command_vel/lin_vel_x_max: 1.0000
         Episode_Reward/self_collisions: -0.0001
           Episode_Termination/time_out: 0.0000
   Curriculum/command_vel/lin_vel_y_min: -1.0000
             Metrics/landing_force_mean: 424.8803
--------------------------------------------------------------------------------
                         Iteration time: 1.02s
                           Time elapsed: 0:01:52
                                    ETA: 8:57:22

################################################################################
[1m                          Learning iteration 104/30000                          [0m 

                               Run name: seed0
                            Total steps: 20643840 
                       Steps per second: 194210 
                        Collection time: 0.813s 
                          Learning time: 0.199s 
                        Mean value loss: 0.0017
                    Mean surrogate loss: -0.0157
                      Mean entropy loss: 24.6228
                            Mean reward: -0.13
                    Mean episode length: 13.30
                        Mean action std: 0.56
   Curriculum/command_vel/ang_vel_z_max: 0.5000
        Episode_Reward/angular_momentum: -0.0018
               Metrics/peak_height_mean: 0.0283
       Episode_Reward/foot_swing_height: -0.0004
          Episode_Reward/action_rate_l2: -0.0181
        Episode_Metrics/mean_action_acc: 0.8166
   Curriculum/command_vel/lin_vel_x_min: -1.0000
  Episode_Reward/track_angular_velocity: 0.0002
             Metrics/twist/error_vel_xy: 0.0224
                Episode_Reward/air_time: 0.0000
          Metrics/angular_momentum_mean: 2.2167
                    Episode_Reward/pose: 0.0038
            Episode_Reward/body_ang_vel: -0.0041
          Episode_Termination/fell_over: 620.3334
             Metrics/slip_velocity_mean: 0.3962
          Episode_Reward/dof_pos_limits: -0.0007
               Episode_Reward/foot_slip: -0.0002
   Episode_Reward/track_linear_velocity: 0.0065
   Curriculum/command_vel/ang_vel_z_min: -0.5000
                 Episode_Reward/upright: 0.0098
            Metrics/twist/error_vel_yaw: 0.0780
            Episode_Reward/soft_landing: -0.0000
   Curriculum/command_vel/lin_vel_y_max: 1.0000
          Episode_Reward/foot_clearance: -0.0018
   Curriculum/command_vel/lin_vel_x_max: 1.0000
         Episode_Reward/self_collisions: -0.0001
           Episode_Termination/time_out: 0.0000
   Curriculum/command_vel/lin_vel_y_min: -1.0000
             Metrics/landing_force_mean: 425.1308
--------------------------------------------------------------------------------
                         Iteration time: 1.01s
                           Time elapsed: 0:01:53
                                    ETA: 8:57:02

################################################################################
[1m                          Learning iteration 105/30000                          [0m 

                               Run name: seed0
                            Total steps: 20840448 
                       Steps per second: 194291 
                        Collection time: 0.814s 
                          Learning time: 0.198s 
                        Mean value loss: 0.0015
                    Mean surrogate loss: -0.0142
                      Mean entropy loss: 24.3148
                            Mean reward: -0.12
                    Mean episode length: 13.69
                        Mean action std: 0.56
   Curriculum/command_vel/ang_vel_z_max: 0.5000
        Episode_Reward/angular_momentum: -0.0018
               Metrics/peak_height_mean: 0.0277
       Episode_Reward/foot_swing_height: -0.0004
          Episode_Reward/action_rate_l2: -0.0180
        Episode_Metrics/mean_action_acc: 0.8072
   Curriculum/command_vel/lin_vel_x_min: -1.0000
  Episode_Reward/track_angular_velocity: 0.0002
             Metrics/twist/error_vel_xy: 0.0225
                Episode_Reward/air_time: 0.0000
          Metrics/angular_momentum_mean: 2.1990
                    Episode_Reward/pose: 0.0039
            Episode_Reward/body_ang_vel: -0.0040
          Episode_Termination/fell_over: 605.0000
             Metrics/slip_velocity_mean: 0.3905
          Episode_Reward/dof_pos_limits: -0.0007
               Episode_Reward/foot_slip: -0.0002
   Episode_Reward/track_linear_velocity: 0.0069
   Curriculum/command_vel/ang_vel_z_min: -0.5000
                 Episode_Reward/upright: 0.0100
            Metrics/twist/error_vel_yaw: 0.0795
            Episode_Reward/soft_landing: -0.0000
   Curriculum/command_vel/lin_vel_y_max: 1.0000
          Episode_Reward/foot_clearance: -0.0018
   Curriculum/command_vel/lin_vel_x_max: 1.0000
         Episode_Reward/self_collisions: -0.0001
           Episode_Termination/time_out: 0.0000
   Curriculum/command_vel/lin_vel_y_min: -1.0000
             Metrics/landing_force_mean: 421.8530
--------------------------------------------------------------------------------
                         Iteration time: 1.01s
                           Time elapsed: 0:01:54
                                    ETA: 8:56:42

################################################################################
[1m                          Learning iteration 106/30000                          [0m 

                               Run name: seed0
                            Total steps: 21037056 
                       Steps per second: 193356 
                        Collection time: 0.820s 
                          Learning time: 0.197s 
                        Mean value loss: 0.0019
                    Mean surrogate loss: -0.0163
                      Mean entropy loss: 23.9955
                            Mean reward: -0.11
                    Mean episode length: 13.62
                        Mean action std: 0.55
   Curriculum/command_vel/ang_vel_z_max: 0.5000
        Episode_Reward/angular_momentum: -0.0019
               Metrics/peak_height_mean: 0.0277
       Episode_Reward/foot_swing_height: -0.0004
          Episode_Reward/action_rate_l2: -0.0180
        Episode_Metrics/mean_action_acc: 0.7992
   Curriculum/command_vel/lin_vel_x_min: -1.0000
  Episode_Reward/track_angular_velocity: 0.0002
             Metrics/twist/error_vel_xy: 0.0228
                Episode_Reward/air_time: 0.0000
          Metrics/angular_momentum_mean: 2.1936
                    Episode_Reward/pose: 0.0040
            Episode_Reward/body_ang_vel: -0.0040
          Episode_Termination/fell_over: 596.7084
             Metrics/slip_velocity_mean: 0.3830
          Episode_Reward/dof_pos_limits: -0.0007
               Episode_Reward/foot_slip: -0.0002
   Episode_Reward/track_linear_velocity: 0.0072
   Curriculum/command_vel/ang_vel_z_min: -0.5000
                 Episode_Reward/upright: 0.0102
            Metrics/twist/error_vel_yaw: 0.0807
            Episode_Reward/soft_landing: -0.0000
   Curriculum/command_vel/lin_vel_y_max: 1.0000
          Episode_Reward/foot_clearance: -0.0018
   Curriculum/command_vel/lin_vel_x_max: 1.0000
         Episode_Reward/self_collisions: -0.0001
           Episode_Termination/time_out: 0.0000
   Curriculum/command_vel/lin_vel_y_min: -1.0000
             Metrics/landing_force_mean: 421.4484
--------------------------------------------------------------------------------
                         Iteration time: 1.02s
                           Time elapsed: 0:01:55
                                    ETA: 8:56:24

################################################################################
[1m                          Learning iteration 107/30000                          [0m 

                               Run name: seed0
                            Total steps: 21233664 
                       Steps per second: 193290 
                        Collection time: 0.819s 
                          Learning time: 0.198s 
                        Mean value loss: 0.0016
                    Mean surrogate loss: -0.0132
                      Mean entropy loss: 23.7169
                            Mean reward: -0.07
                    Mean episode length: 14.13
                        Mean action std: 0.55
   Curriculum/command_vel/ang_vel_z_max: 0.5000
        Episode_Reward/angular_momentum: -0.0019
               Metrics/peak_height_mean: 0.0272
       Episode_Reward/foot_swing_height: -0.0004
          Episode_Reward/action_rate_l2: -0.0179
        Episode_Metrics/mean_action_acc: 0.7903
   Curriculum/command_vel/lin_vel_x_min: -1.0000
  Episode_Reward/track_angular_velocity: 0.0002
             Metrics/twist/error_vel_xy: 0.0229
                Episode_Reward/air_time: 0.0000
          Metrics/angular_momentum_mean: 2.2018
                    Episode_Reward/pose: 0.0041
            Episode_Reward/body_ang_vel: -0.0039
          Episode_Termination/fell_over: 580.1250
             Metrics/slip_velocity_mean: 0.3750
          Episode_Reward/dof_pos_limits: -0.0007
               Episode_Reward/foot_slip: -0.0002
   Episode_Reward/track_linear_velocity: 0.0077
   Curriculum/command_vel/ang_vel_z_min: -0.5000
                 Episode_Reward/upright: 0.0105
            Metrics/twist/error_vel_yaw: 0.0819
            Episode_Reward/soft_landing: -0.0000
   Curriculum/command_vel/lin_vel_y_max: 1.0000
          Episode_Reward/foot_clearance: -0.0018
   Curriculum/command_vel/lin_vel_x_max: 1.0000
         Episode_Reward/self_collisions: -0.0001
           Episode_Termination/time_out: 0.0000
   Curriculum/command_vel/lin_vel_y_min: -1.0000
             Metrics/landing_force_mean: 419.9129
--------------------------------------------------------------------------------
                         Iteration time: 1.02s
                           Time elapsed: 0:01:56
                                    ETA: 8:56:07

################################################################################
[1m                          Learning iteration 108/30000                          [0m 

                               Run name: seed0
                            Total steps: 21430272 
                       Steps per second: 192873 
                        Collection time: 0.821s 
                          Learning time: 0.198s 
                        Mean value loss: 0.0015
                    Mean surrogate loss: -0.0161
                      Mean entropy loss: 23.4495
                            Mean reward: -0.06
                    Mean episode length: 14.64
                        Mean action std: 0.54
   Curriculum/command_vel/ang_vel_z_max: 0.5000
        Episode_Reward/angular_momentum: -0.0019
               Metrics/peak_height_mean: 0.0272
       Episode_Reward/foot_swing_height: -0.0004
          Episode_Reward/action_rate_l2: -0.0180
        Episode_Metrics/mean_action_acc: 0.7842
   Curriculum/command_vel/lin_vel_x_min: -1.0000
  Episode_Reward/track_angular_velocity: 0.0003
             Metrics/twist/error_vel_xy: 0.0233
                Episode_Reward/air_time: 0.0000
          Metrics/angular_momentum_mean: 2.1953
                    Episode_Reward/pose: 0.0043
            Episode_Reward/body_ang_vel: -0.0039
          Episode_Termination/fell_over: 572.7084
             Metrics/slip_velocity_mean: 0.3673
          Episode_Reward/dof_pos_limits: -0.0007
               Episode_Reward/foot_slip: -0.0002
   Episode_Reward/track_linear_velocity: 0.0080
   Curriculum/command_vel/ang_vel_z_min: -0.5000
                 Episode_Reward/upright: 0.0107
            Metrics/twist/error_vel_yaw: 0.0838
            Episode_Reward/soft_landing: -0.0000
   Curriculum/command_vel/lin_vel_y_max: 1.0000
          Episode_Reward/foot_clearance: -0.0018
   Curriculum/command_vel/lin_vel_x_max: 1.0000
         Episode_Reward/self_collisions: -0.0001
           Episode_Termination/time_out: 0.0000
   Curriculum/command_vel/lin_vel_y_min: -1.0000
             Metrics/landing_force_mean: 416.1200
--------------------------------------------------------------------------------
                         Iteration time: 1.02s
                           Time elapsed: 0:01:57
                                    ETA: 8:55:50

################################################################################
[1m                          Learning iteration 109/30000                          [0m 

                               Run name: seed0
                            Total steps: 21626880 
                       Steps per second: 192113 
                        Collection time: 0.825s 
                          Learning time: 0.198s 
                        Mean value loss: 0.0016
                    Mean surrogate loss: -0.0148
                      Mean entropy loss: 23.1822
                            Mean reward: -0.05
                    Mean episode length: 14.66
                        Mean action std: 0.54
   Curriculum/command_vel/ang_vel_z_max: 0.5000
        Episode_Reward/angular_momentum: -0.0020
               Metrics/peak_height_mean: 0.0266
       Episode_Reward/foot_swing_height: -0.0004
          Episode_Reward/action_rate_l2: -0.0180
        Episode_Metrics/mean_action_acc: 0.7772
   Curriculum/command_vel/lin_vel_x_min: -1.0000
  Episode_Reward/track_angular_velocity: 0.0003
             Metrics/twist/error_vel_xy: 0.0235
                Episode_Reward/air_time: 0.0000
          Metrics/angular_momentum_mean: 2.1967
                    Episode_Reward/pose: 0.0044
            Episode_Reward/body_ang_vel: -0.0039
          Episode_Termination/fell_over: 557.1250
             Metrics/slip_velocity_mean: 0.3596
          Episode_Reward/dof_pos_limits: -0.0007
               Episode_Reward/foot_slip: -0.0002
   Episode_Reward/track_linear_velocity: 0.0084
   Curriculum/command_vel/ang_vel_z_min: -0.5000
                 Episode_Reward/upright: 0.0109
            Metrics/twist/error_vel_yaw: 0.0849
            Episode_Reward/soft_landing: -0.0000
   Curriculum/command_vel/lin_vel_y_max: 1.0000
          Episode_Reward/foot_clearance: -0.0019
   Curriculum/command_vel/lin_vel_x_max: 1.0000
         Episode_Reward/self_collisions: -0.0001
           Episode_Termination/time_out: 0.0000
   Curriculum/command_vel/lin_vel_y_min: -1.0000
             Metrics/landing_force_mean: 412.8927
--------------------------------------------------------------------------------
                         Iteration time: 1.02s
                           Time elapsed: 0:01:58
                                    ETA: 8:55:35

################################################################################
[1m                          Learning iteration 110/30000                          [0m 

                               Run name: seed0
                            Total steps: 21823488 
                       Steps per second: 192528 
                        Collection time: 0.823s 
                          Learning time: 0.198s 
                        Mean value loss: 0.0016
                    Mean surrogate loss: -0.0160
                      Mean entropy loss: 22.8832
                            Mean reward: -0.02
                    Mean episode length: 15.33
                        Mean action std: 0.53
   Curriculum/command_vel/ang_vel_z_max: 0.5000
        Episode_Reward/angular_momentum: -0.0020
               Metrics/peak_height_mean: 0.0266
       Episode_Reward/foot_swing_height: -0.0004
          Episode_Reward/action_rate_l2: -0.0181
        Episode_Metrics/mean_action_acc: 0.7718
   Curriculum/command_vel/lin_vel_x_min: -1.0000
  Episode_Reward/track_angular_velocity: 0.0003
             Metrics/twist/error_vel_xy: 0.0238
                Episode_Reward/air_time: 0.0000
          Metrics/angular_momentum_mean: 2.1838
                    Episode_Reward/pose: 0.0045
            Episode_Reward/body_ang_vel: -0.0038
          Episode_Termination/fell_over: 544.6667
             Metrics/slip_velocity_mean: 0.3542
          Episode_Reward/dof_pos_limits: -0.0007
               Episode_Reward/foot_slip: -0.0002
   Episode_Reward/track_linear_velocity: 0.0089
   Curriculum/command_vel/ang_vel_z_min: -0.5000
                 Episode_Reward/upright: 0.0112
            Metrics/twist/error_vel_yaw: 0.0863
            Episode_Reward/soft_landing: -0.0000
   Curriculum/command_vel/lin_vel_y_max: 1.0000
          Episode_Reward/foot_clearance: -0.0019
   Curriculum/command_vel/lin_vel_x_max: 1.0000
         Episode_Reward/self_collisions: -0.0001
           Episode_Termination/time_out: 0.0000
   Curriculum/command_vel/lin_vel_y_min: -1.0000
             Metrics/landing_force_mean: 411.7918
--------------------------------------------------------------------------------
                         Iteration time: 1.02s
                           Time elapsed: 0:01:59
                                    ETA: 8:55:19

################################################################################
[1m                          Learning iteration 111/30000                          [0m 

                               Run name: seed0
                            Total steps: 22020096 
                       Steps per second: 192395 
                        Collection time: 0.824s 
                          Learning time: 0.198s 
                        Mean value loss: 0.0017
                    Mean surrogate loss: -0.0127
                      Mean entropy loss: 22.6030
                            Mean reward: -0.04
                    Mean episode length: 14.92
                        Mean action std: 0.53
   Curriculum/command_vel/ang_vel_z_max: 0.5000
        Episode_Reward/angular_momentum: -0.0020
               Metrics/peak_height_mean: 0.0266
       Episode_Reward/foot_swing_height: -0.0005
          Episode_Reward/action_rate_l2: -0.0181
        Episode_Metrics/mean_action_acc: 0.7643
   Curriculum/command_vel/lin_vel_x_min: -1.0000
  Episode_Reward/track_angular_velocity: 0.0003
             Metrics/twist/error_vel_xy: 0.0240
                Episode_Reward/air_time: 0.0000
          Metrics/angular_momentum_mean: 2.1578
                    Episode_Reward/pose: 0.0047
            Episode_Reward/body_ang_vel: -0.0038
          Episode_Termination/fell_over: 531.0000
             Metrics/slip_velocity_mean: 0.3444
          Episode_Reward/dof_pos_limits: -0.0007
               Episode_Reward/foot_slip: -0.0002
   Episode_Reward/track_linear_velocity: 0.0092
   Curriculum/command_vel/ang_vel_z_min: -0.5000
                 Episode_Reward/upright: 0.0115
            Metrics/twist/error_vel_yaw: 0.0867
            Episode_Reward/soft_landing: -0.0000
   Curriculum/command_vel/lin_vel_y_max: 1.0000
          Episode_Reward/foot_clearance: -0.0019
   Curriculum/command_vel/lin_vel_x_max: 1.0000
         Episode_Reward/self_collisions: -0.0001
           Episode_Termination/time_out: 0.0000
   Curriculum/command_vel/lin_vel_y_min: -1.0000
             Metrics/landing_force_mean: 408.0722
--------------------------------------------------------------------------------
                         Iteration time: 1.02s
                           Time elapsed: 0:02:00
                                    ETA: 8:55:04

################################################################################
[1m                          Learning iteration 112/30000                          [0m 

                               Run name: seed0
                            Total steps: 22216704 
                       Steps per second: 191602 
                        Collection time: 0.828s 
                          Learning time: 0.198s 
                        Mean value loss: 0.0017
                    Mean surrogate loss: -0.0147
                      Mean entropy loss: 22.3170
                            Mean reward: 0.00
                    Mean episode length: 15.85
                        Mean action std: 0.52
   Curriculum/command_vel/ang_vel_z_max: 0.5000
        Episode_Reward/angular_momentum: -0.0021
               Metrics/peak_height_mean: 0.0268
       Episode_Reward/foot_swing_height: -0.0005
          Episode_Reward/action_rate_l2: -0.0182
        Episode_Metrics/mean_action_acc: 0.7584
   Curriculum/command_vel/lin_vel_x_min: -1.0000
  Episode_Reward/track_angular_velocity: 0.0003
             Metrics/twist/error_vel_xy: 0.0247
                Episode_Reward/air_time: 0.0000
          Metrics/angular_momentum_mean: 2.1541
                    Episode_Reward/pose: 0.0049
            Episode_Reward/body_ang_vel: -0.0038
          Episode_Termination/fell_over: 519.4167
             Metrics/slip_velocity_mean: 0.3390
          Episode_Reward/dof_pos_limits: -0.0007
               Episode_Reward/foot_slip: -0.0002
   Episode_Reward/track_linear_velocity: 0.0095
   Curriculum/command_vel/ang_vel_z_min: -0.5000
                 Episode_Reward/upright: 0.0118
            Metrics/twist/error_vel_yaw: 0.0886
            Episode_Reward/soft_landing: -0.0000
   Curriculum/command_vel/lin_vel_y_max: 1.0000
          Episode_Reward/foot_clearance: -0.0019
   Curriculum/command_vel/lin_vel_x_max: 1.0000
         Episode_Reward/self_collisions: -0.0001
           Episode_Termination/time_out: 0.0000
   Curriculum/command_vel/lin_vel_y_min: -1.0000
             Metrics/landing_force_mean: 408.2567
--------------------------------------------------------------------------------
                         Iteration time: 1.03s
                           Time elapsed: 0:02:01
                                    ETA: 8:54:50
